code,name
000100,TCL科技
000156,华数传媒
000551,创元科技
000783,长江证券
000839,国安股份
000885,城发环境
000938,紫光股份
001229,魅视科技
001301,尚太科技
001389,广合科技
002068,黑猫股份
002106,莱宝高科
002119,康强电子
002129,TCL中环
002170,芭田股份
002179,中航光电
002225,濮耐股份
002311,海大集团
002354,天娱数科
002559,亚威股份
002587,奥拓电子
002617,露笑科技
002635,安洁科技
002643,万润股份
002654,万润科技
002668,TCL智家
002675,东诚药业
002787,华源控股
002861,瀛通通讯
002950,奥美医疗
002956,西麦食品
002965,祥鑫科技
300001,特锐德
300057,万顺新材
300083,创世纪
300093,金刚光伏
300162,雷曼光电
300192,科德教育
300200,高盟新材
300260,新莱应材
300316,晶盛机电
300321,同大股份
300382,斯莱克
300429,强力新材
300473,德尔股份
300480,光力科技
300506,名家汇
300522,世名科技
300531,优博讯
300537,广信材料
300540,蜀道装备
300545,联得装备
300592,华凯易佰
300668,杰恩股份
300691,联合光电
300693,盛弘股份
300720,海川智能
300776,帝尔激光
300780,德恩精工
300929,华骐环保
301051,信濠光电
301178,天亿马
301202,朗威股份
301392,汇成真空
301589,诺瓦星云
301618,长联科技
301629,矽电股份
600064,南京高科
600066,宇通客车
600068,葛洲坝
600211,西藏药业
600228,返利科技
600406,国电南瑞
600500,中化国际
600509,天富能源
600563,法拉电子
600630,龙头股份
600703,三安光电
600760,中航沈飞
600768,宁波富邦
600830,香溢融通
600857,宁波中百
600867,通化东宝
600884,杉杉股份
600962,国投中鲁
601033,永兴股份
601066,中信建投
601133,柏诚股份
601636,旗滨集团
601669,中国电建
603001,奥康国际
603002,宏昌电子
603010,万盛股份
603088,宁波精达
603155,新亚强
603163,圣晖集成
603259,药明康德
603261,立航科技
603386,骏亚科技
603458,勘设股份
603606,东方电缆
603661,恒林股份
603665,康隆达
603688,石英股份
603690,至纯科技
603713,密尔克卫
603928,兴业股份
605020,永和股份
605255,天普股份
688025,杰普特
688027,国盾量子
688028,沃尔德
688046,药康生物
688093,世华科技
688115,思林杰
688126,沪硅产业
688138,清溢光电
688156,路德科技
688248,南网科技
688259,创耀科技
688281,华秦科技
688328,深科达
688359,三孚新科
688376,美埃科技
688380,中微半导
688392,骄成超声
688432,有研硅
688475,萤石网络
688486,龙迅股份
688502,茂莱光学
688519,南亚新材
688522,纳睿雷达
688535,华海诚科
688582,芯动联科
688584,上海合晶
688596,正帆科技
688665,四方光电
688689,XD银河微
