code,name,limit
000001,平安银行,10
000002,万  科Ａ,10
000003,PT金田A,10
000004,国华退,10
000005,ST星源,10
000006,深振业Ａ,10
000007,全新好,10
000008,神州高铁,10
000009,中国宝安,10
000010,*ST美丽,10
000011,深物业A,10
000012,南  玻Ａ,10
000013,*ST石化A,10
000014,沙河股份,10
000015,PT中浩A,10
000016,*ST康佳A,10
000017,深中华A,10
000018,神城A退,10
000019,深粮控股,10
000020,深华发Ａ,10
000021,深科技,10
000023,*ST深天,10
000024,招商地产,10
000025,特  力Ａ,10
000026,飞亚达,10
000027,深圳能源,10
000028,国药一致,10
000029,深深房Ａ,10
000030,富奥股份,10
000031,大悦城,10
000032,深桑达Ａ,10
000033,新都退,10
000034,神州数码,10
000035,中国天楹,10
000036,华联控股,10
000037,深南电A,10
000038,大通退,10
000039,中集集团,10
000040,*ST旭蓝,10
000042,中洲控股,10
000045,深纺织Ａ,10
000046,*ST泛海,10
000047,ST中侨,10
000048,京基智农,10
000049,德赛电池,10
000050,深天马Ａ,10
000055,方大集团,10
000056,*ST皇庭,10
000058,深 赛 格,10
000059,华锦股份,10
000060,中金岭南,10
000061,农 产 品,10
000062,深圳华强,10
000063,中兴通讯,10
000065,北方国际,10
000066,中国长城,10
000068,华控赛格,10
000069,华侨城Ａ,10
000070,特发信息,10
000078,ST海王,10
000088,盐 田 港,10
000089,深圳机场,10
000090,天健集团,10
000096,广聚能源,10
000099,中信海直,10
000100,TCL科技,10
000150,*ST宜康,10
000151,中成股份,10
000153,丰原药业,10
000155,川能动力,10
000156,华数传媒,10
000157,中联重科,10
000158,常山北明,10
000159,国际实业,10
000166,申万宏源,10
000301,东方盛虹,10
000333,美的集团,10
000338,潍柴动力,10
000400,许继电气,10
000401,金隅冀东,10
000402,金 融 街,10
000403,派林生物,10
000404,长虹华意,10
000405,ST鑫光,10
000406,石油大明,10
000407,胜利股份,10
000408,藏格矿业,10
000409,云鼎科技,10
000410,沈阳机床,10
000411,英特集团,10
000412,ST五环,10
000413,ST旭电,10
000415,渤海租赁,10
000416,*ST民控,10
000417,合百集团,10
000418,小天鹅A,10
000419,通程控股,10
000420,吉林化纤,10
000421,南京公用,10
000422,湖北宜化,10
000423,东阿阿胶,10
000425,徐工机械,10
000426,兴业银锡,10
000428,华天酒店,10
000429,粤高速Ａ,10
000430,张家界,10
000488,ST晨鸣,10
000498,山东路桥,10
000501,武商集团,10
000502,绿景退,10
000503,国新健康,10
000504,南华生物,10
000505,京粮控股,10
000506,招金黄金,10
000507,珠海港,10
000508,琼民源A,10
000509,华塑控股,10
000510,新金路,10
000511,烯碳退,10
000513,丽珠集团,10
000514,渝 开 发,10
000515,攀渝钛业,10
000516,国际医学,10
000517,荣安地产,10
000518,四环生物,10
000519,中兵红箭,10
000520,凤凰航运,10
000521,长虹美菱,10
000522,白云山A,10
000523,红棉股份,10
000524,岭南控股,10
000525,红太阳,10
000526,学大教育,10
000527,美的电器,10
000528,柳    工,10
000529,广弘控股,10
000530,冰山冷热,10
000531,穗恒运Ａ,10
000532,华金资本,10
000533,顺钠股份,10
000534,万泽股份,10
000535,*ST猴王,10
000536,华映科技,10
000537,绿发电力,10
000538,云南白药,10
000539,粤电力Ａ,10
000540,*ST中天,10
000541,佛山照明,10
000542,TCL通讯,10
000543,皖能电力,10
000544,中原环保,10
000545,金浦钛业,10
000546,金圆股份,10
000547,航天发展,10
000548,湖南投资,10
000549,S湘火炬,10
000550,江铃汽车,10
000551,创元科技,10
000552,甘肃能化,10
000553,安道麦A,10
000554,泰山石油,10
000555,神州信息,10
000556,PT南洋,10
000557,西部创业,10
000558,天府文旅,10
000559,万向钱潮,10
000560,我爱我家,10
000561,烽火电子,10
000562,宏源证券,10
000563,陕国投Ａ,10
000564,供销大集,10
000565,渝三峡Ａ,10
000566,海南海药,10
000567,海德股份,10
000568,泸州老窖,10
000569,长城股份,10
000570,苏常柴Ａ,10
000571,新大洲A,10
000572,海马汽车,10
000573,粤宏远Ａ,10
000576,甘化科工,10
000578,盐湖集团,10
000581,威孚高科,10
000582,北部湾港,10
000583,S*ST托普,10
000584,工智退,10
000585,东电退,10
000586,汇源通信,10
000587,*ST金洲,10
000588,PT粤金曼,10
000589,贵州轮胎,10
000590,古汉医药,10
000591,太阳能,10
000592,平潭发展,10
000593,德龙汇能,10
000594,国恒退,10
000595,*ST宝实,10
000596,古井贡酒,10
000597,东北制药,10
000598,兴蓉环境,10
000599,青岛双星,10
000600,建投能源,10
000601,韶能股份,10
000602,金马集团,10
000603,盛达资源,10
000605,渤海股份,10
000606,顺利退,10
000607,华媒控股,10
000608,阳光股份,10
000609,*ST中迪,10
000610,*ST西旅,10
000611,天首退,10
000612,焦作万方,10
000613,东海A退,10
000615,*ST美谷,10
000616,*ST海投,10
000617,中油资本,10
000618,吉林化工,10
000619,海螺新材,10
000620,盈新发展,10
000621,*ST比特,10
000622,恒立退,10
000623,吉林敖东,10
000625,长安汽车,10
000626,远大控股,10
000627,*ST天茂,10
000628,高新发展,10
000629,钒钛股份,10
000630,铜陵有色,10
000631,顺发恒能,10
000632,ST三木,10
000633,合金投资,10
000635,英 力 特,10
000636,风华高科,10
000637,茂化实华,10
000638,*ST万方,10
000639,ST西王,10
000650,仁和药业,10
000651,格力电器,10
000652,泰达股份,10
000653,ST九州,10
000655,金岭矿业,10
000656,*ST金科,10
000657,中钨高新,10
000658,ST海洋,10
000659,珠海中富,10
000660,*ST南华,10
000661,长春高新,10
000662,天夏退,10
000663,永安林业,10
000665,湖北广电,10
000666,经纬纺机,10
000667,ST美置,10
000668,荣丰控股,10
000669,ST金鸿,10
000670,盈方微,10
000671,ST阳光城,10
000672,上峰材料,10
000673,当代退,10
000675,ST银山,10
000676,智度股份,10
000677,ST海龙,10
000678,襄阳轴承,10
000679,大连友谊,10
000680,山推股份,10
000681,视觉中国,10
000682,东方电子,10
000683,博源化工,10
000685,中山公用,10
000686,东北证券,10
000687,华讯退,10
000688,国城矿业,10
000689,ST宏业,10
000690,宝新能源,10
000691,亚太实业,10
000692,惠天热电,10
000693,华泽退,10
000695,滨海能源,10
000697,炼石航空,10
000698,ST沈化,10
000699,S*ST佳纸,10
000700,模塑科技,10
000701,厦门信达,10
000702,正虹科技,10
000703,恒逸石化,10
000705,浙江震元,10
000707,双环科技,10
000708,中信特钢,10
000709,河钢股份,10
000710,贝瑞基因,10
000711,ST京蓝,10
000712,锦龙股份,10
000713,国投丰乐,10
000715,中兴商业,10
000716,黑芝麻,10
000717,中南股份,10
000718,苏宁环球,10
000719,中原传媒,10
000720,新能泰山,10
000721,西安饮食,10
000722,湖南发展,10
000723,美锦能源,10
000725,京东方Ａ,10
000726,鲁  泰Ａ,10
000727,冠捷科技,10
000728,国元证券,10
000729,燕京啤酒,10
000730,*ST环保,10
000731,四川美丰,10
000732,ST泰禾,10
000733,振华科技,10
000735,罗 牛 山,10
000736,中交发展,10
000737,北方铜业,10
000738,航发控制,10
000739,普洛药业,10
000748,长城信息,10
000750,国海证券,10
000751,锌业股份,10
000752,*ST西发,10
000753,漳州发展,10
000755,山西高速,10
000756,新华制药,10
000757,浩物股份,10
000758,中色股份,10
000759,中百集团,10
000760,斯太退,10
000761,本钢板材,10
000762,西藏矿业,10
000763,锦州石化,10
000765,*ST华信,10
000766,通化金马,10
000767,晋控电力,10
000768,中航西飞,10
000769,*ST大菲,10
000776,广发证券,10
000777,中核科技,10
000778,新兴铸管,10
000779,甘咨询,10
000780,ST平能,10
000782,恒申新材,10
000783,长江证券,10
000785,居然智家,10
000786,北新建材,10
000787,*ST创智,10
000788,北大医药,10
000789,万年青,10
000790,华神科技,10
000791,甘肃能源,10
000792,盐湖股份,10
000793,*ST华闻,10
000795,英洛华,10
000796,凯撒旅业,10
000797,中国武夷,10
000798,中水渔业,10
000799,酒鬼酒,10
000800,一汽解放,10
000801,四川九洲,10
000802,北京文化,10
000803,山高环能,10
000805,*ST炎黄,10
000806,银河退,10
000807,云铝股份,10
000809,和展能源,10
000810,创维数字,10
000811,冰轮环境,10
000812,陕西金叶,10
000813,德展健康,10
000815,美利云,10
000816,智慧农业,10
000817,辽河油田,10
000818,航锦科技,10
000819,岳阳兴长,10
000820,*ST节能,10
000821,ST京机,10
000822,山东海化,10
000823,超声电子,10
000825,太钢不锈,10
000826,*ST启环,10
000827,*ST长兴,10
000828,东莞控股,10
000829,天音控股,10
000830,鲁西化工,10
000831,中国稀土,10
000832,*ST龙涤,10
000833,粤桂股份,10
000835,长动退,10
000836,ST富通,10
000837,秦川机床,10
000838,*ST发展,10
000839,国安股份,10
000848,承德露露,10
000850,华茂股份,10
000851,*ST高鸿,10
000852,石化机械,10
000856,冀东装备,10
000858,五 粮 液,10
000859,国风新材,10
000860,顺鑫农业,10
000861,海印股份,10
000862,银星能源,10
000863,三湘印象,10
000866,扬子石化,10
000868,安凯客车,10
000869,张  裕Ａ,10
000875,电投绿能,10
000876,新 希 望,10
000877,天山股份,10
000878,云南铜业,10
000880,潍柴重机,10
000881,中广核技,10
000882,华联股份,10
000883,湖北能源,10
000885,城发环境,10
000886,海南高速,10
000887,中鼎股份,10
000888,峨眉山Ａ,10
000889,中嘉博创,10
000890,法尔胜,10
000892,欢瑞世纪,10
000893,亚钾国际,10
000895,双汇发展,10
000897,津滨发展,10
000898,鞍钢股份,10
000899,赣能股份,10
000900,现代投资,10
000901,航天科技,10
000902,新洋丰,10
000903,ST云动,10
000905,厦门港务,10
000906,浙商中拓,10
000908,景峰医药,10
000909,*ST数源,10
000910,大亚圣象,10
000911,*ST广糖,10
000912,泸天化,10
000913,钱江摩托,10
000915,华特达因,10
000916,华北高速,10
000917,电广传媒,10
000918,*ST嘉凯,10
000919,金陵药业,10
000920,沃顿科技,10
000921,海信家电,10
000922,佳电股份,10
000923,河钢资源,10
000925,众合科技,10
000926,福星股份,10
000927,中国铁物,10
000928,中钢国际,10
000929,兰州黄河,10
000930,中粮科技,10
000931,中 关 村,10
000932,华菱钢铁,10
000933,神火股份,10
000935,四川双马,10
000936,华西股份,10
000937,冀中能源,10
000938,紫光股份,10
000939,凯迪退,10
000948,南天信息,10
000949,新乡化纤,10
000950,重药控股,10
000951,中国重汽,10
000952,广济药业,10
000953,中哲精化,10
000955,欣龙控股,10
000956,中原油气,10
000957,中通客车,10
000958,电投产融,10
000959,首钢股份,10
000960,锡业股份,10
000961,ST中南,10
000962,东方钽业,10
000963,华东医药,10
000965,天保基建,10
000966,长源电力,10
000967,盈峰环境,10
000968,蓝焰控股,10
000969,安泰科技,10
000970,中科三环,10
000971,*ST高升,10
000972,*ST中基,10
000973,佛塑科技,10
000975,山金国际,10
000976,*ST华铁,10
000977,浪潮信息,10
000978,桂林旅游,10
000979,中弘退,10
000980,众泰汽车,10
000981,山子高科,10
000982,中银绒业,10
000983,山西焦煤,10
000985,大庆华科,10
000987,越秀资本,10
000988,华工科技,10
000989,九芝堂,10
000990,诚志股份,10
000993,闽东电力,10
000995,皇台酒业,10
000996,中期退,10
000997,新 大 陆,10
000998,隆平高科,10
000999,华润三九,10
001201,东瑞股份,10
001202,炬申股份,10
001203,大中矿业,10
001205,盛航股份,10
001206,依依股份,10
001207,联科科技,10
001208,华菱线缆,10
001209,洪兴股份,10
001210,金房能源,10
001211,双枪科技,10
001212,中旗新材,10
001213,中铁特货,10
001215,千味央厨,10
001216,华瓷股份,10
001217,华尔泰,10
001218,丽臣实业,10
001219,青岛食品,10
001220,世盟股份,10
001221,悍高集团,10
001222,源飞宠物,10
001223,欧克科技,10
001225,和泰机电,10
001226,拓山重工,10
001227,兰州银行,10
001228,永泰运,10
001229,魅视科技,10
001230,劲旅环境,10
001231,农心科技,10
001233,海安集团,10
001234,泰慕士,10
001236,弘业期货,10
001237,惠康科技,10
001238,浙江正特,10
001239,永达股份,10
001248,华润新能源,10
001255,博菲电气,10
001256,炜冈科技,10
001257,盛龙股份,10
001258,立新能源,10
001259,利仁科技,10
001260,坤泰股份,10
001266,宏英智能,10
001267,汇绿生态,10
001268,联合精密,10
001269,欧晶科技,10
001270,铖昌科技,10
001277,速达股份,10
001278,一彬科技,10
001279,强邦新材,10
001280,中国铀业,10
001282,三联锻造,10
001283,豪鹏科技,10
001285,瑞立科密,10
001286,陕西能源,10
001287,中电港,10
001288,运机集团,10
001289,龙源电力,10
001296,长江材料,10
001298,好上好,10
001299,美能能源,10
001300,三柏硕,10
001301,尚太科技,10
001306,夏厦精密,10
001308,康冠科技,10
001309,德明利,10
001311,多利科技,10
001312,福恩股份,10
001313,粤海饲料,10
001314,亿道信息,10
001316,润贝航科,10
001317,三羊马,10
001318,阳光乳业,10
001319,铭科精技,10
001322,箭牌家居,10
001323,慕思股份,10
001324,长青科技,10
001325,元创股份,10
001326,联域股份,10
001328,登康口腔,10
001330,博纳影业,10
001331,胜通能源,10
001332,锡装股份,10
001333,光华股份,10
001335,信凯科技,10
001336,楚环科技,10
001337,四川黄金,10
001338,永顺泰,10
001339,智微智能,10
001356,富岭股份,10
001358,兴欣新材,10
001359,平安电工,10
001360,南矿集团,10
001365,天海电子,10
001366,播恩集团,10
001367,海森药业,10
001368,通达创智,10
001369,双欣材料,10
001373,翔腾新材,10
001376,百通能源,10
001378,德冠新材,10
001379,腾达科技,10
001380,华纬科技,10
001382,新亚电缆,10
001386,马可波罗,10
001387,雪祺电气,10
001388,信通电子,10
001389,广合科技,10
001390,古麒绒材,10
001391,国货航,10
001393,维通利,10
001395,亚联机械,10
001396,誉帆科技,10
001399,N惠科,10
001400,江顺科技,10
001696,宗申动力,10
001872,招商港口,10
001896,豫能控股,10
001914,招商积余,10
001965,招商公路,10
001979,招商蛇口,10
002001,新 和 成,10
002002,ST鸿达,10
002003,伟星股份,10
002004,华邦健康,10
002005,ST德豪,10
002006,精工科技,10
002007,华兰生物,10
002008,大族激光,10
002009,天奇股份,10
002010,传化智联,10
002011,盾安环境,10
002012,凯恩股份,10
002013,中航机电,10
002014,永新股份,10
002015,协鑫能科,10
002016,世荣兆业,10
002017,东信和平,10
002018,华信退,10
002019,亿帆医药,10
002020,京新药业,10
002021,中捷资源,10
002022,科华生物,10
002023,海特高新,10
002024,ST易购,10
002025,航天电器,10
002026,山东威达,10
002027,分众传媒,10
002028,思源电气,10
002029,七 匹 狼,10
002030,达安基因,10
002031,巨轮智能,10
002032,苏 泊 尔,10
002033,丽江股份,10
002034,旺能环境,10
002035,华帝股份,10
002036,联创电子,10
002037,保利联合,10
002038,双鹭药业,10
002039,黔源电力,10
002040,南 京 港,10
002041,登海种业,10
002042,华孚时尚,10
002043,兔 宝 宝,10
002044,美年健康,10
002045,国光电器,10
002046,国机精工,10
002047,宝鹰股份,10
002048,宁波华翔,10
002049,紫光国微,10
002050,三花智控,10
002051,中工国际,10
002052,同洲电子,10
002053,云南能投,10
002054,德美化工,10
002055,ST得润,10
002056,横店东磁,10
002057,中钢天源,10
002058,威尔泰,10
002059,云南旅游,10
002060,广东建工,10
002061,浙江交科,10
002062,宏润建设,10
002063,远光软件,10
002064,华峰化学,10
002065,东华软件,10
002066,瑞泰科技,10
002067,景兴纸业,10
002068,黑猫股份,10
002069,獐子岛,10
002070,众和退,10
002071,长城退,10
002072,凯瑞德,10
002073,软控股份,10
002074,国轩高科,10
002075,沙钢股份,10
002076,星光股份,10
002077,大港股份,10
002078,太阳纸业,10
002079,苏州固锝,10
002080,中材科技,10
002081,金 螳 螂,10
002082,ST万邦,10
002083,孚日股份,10
002084,海鸥住工,10
002085,万丰奥威,10
002086,东方海洋,10
002087,新纺退,10
002088,鲁阳节能,10
002089,新海退,10
002090,金智科技,10
002091,江苏国泰,10
002092,中泰化学,10
002093,国脉科技,10
002094,青岛金王,10
002095,生 意 宝,10
002096,易普力,10
002097,山河智能,10
002098,浔兴股份,10
002099,海翔药业,10
002100,天康生物,10
002101,广东鸿图,10
002102,ST能特,10
002103,广博股份,10
002104,恒宝股份,10
002105,信隆健康,10
002106,莱宝高科,10
002107,沃华医药,10
002108,沧州明珠,10
002109,ST兴化,10
002110,三钢闽光,10
002111,威海广泰,10
002112,三变科技,10
002113,*ST天润,10
002114,罗平锌电,10
002115,三维通信,10
002116,中国海诚,10
002117,东港股份,10
002118,*ST紫鑫,10
002119,康强电子,10
002120,韵达股份,10
002121,科陆电子,10
002122,ST汇洲,10
002123,梦网科技,10
002124,天邦食品,10
002125,湘潭电化,10
002126,银轮股份,10
002127,南极电商,10
002128,电投能源,10
002129,TCL中环,10
002130,沃尔核材,10
002131,利欧股份,10
002132,恒星科技,10
002133,广宇集团,10
002134,天津普林,10
002135,东南网架,10
002136,安 纳 达,10
002137,实益达,10
002138,顺络电子,10
002139,拓邦股份,10
002140,东华科技,10
002141,贤丰控股,10
002142,宁波银行,10
002143,印纪退,10
002144,宏达高科,10
002145,钛能化学,10
002146,荣盛发展,10
002147,新光退,10
002148,北纬科技,10
002149,西部材料,10
002150,正泰电源,10
002151,北斗星通,10
002152,广电运通,10
002153,石基信息,10
002154,报 喜 鸟,10
002155,湖南黄金,10
002156,通富微电,10
002157,正邦科技,10
002158,汉钟精机,10
002159,三特索道,10
002160,常铝股份,10
002161,远 望 谷,10
002162,悦心健康,10
002163,海南发展,10
002164,宁波东力,10
002165,红 宝 丽,10
002166,莱茵生物,10
002167,东方锆业,10
002168,ST惠程,10
002169,智光电气,10
002170,芭田股份,10
002171,楚江新材,10
002172,澳洋健康,10
002173,创新医疗,10
002174,游族网络,10
002175,*ST东智,10
002176,江特电机,10
002177,御银股份,10
002178,延华智能,10
002179,中航光电,10
002180,奔图科技,10
002181,粤 传 媒,10
002182,宝武镁业,10
002183,怡 亚 通,10
002184,海得控制,10
002185,华天科技,10
002186,全 聚 德,10
002187,广百股份,10
002188,中天服务,10
002189,中光学,10
002190,成飞集成,10
002191,劲嘉股份,10
002192,融捷股份,10
002193,ST如意,10
002194,武汉凡谷,10
002195,岩山科技,10
002196,方正电机,10
002197,证通电子,10
002198,ST嘉应,10
002199,*ST东晶,10
002200,交投生态,10
002201,九鼎新材,10
002202,金风科技,10
002203,海亮股份,10
002204,大连重工,10
002205,国统股份,10
002206,海 利 得,10
002207,*ST准油,10
002208,合肥城建,10
002209,达 意 隆,10
002210,飞马国际,10
002211,ST宏达,10
002212,天融信,10
002213,大为股份,10
002214,*ST大立,10
002215,诺 普 信,10
002216,三全食品,10
002217,ST合力泰,10
002218,拓日新能,10
002219,新里程,10
002220,天宝退,10
002221,东华能源,10
002222,福晶科技,10
002223,鱼跃医疗,10
002224,三 力 士,10
002225,濮耐股份,10
002226,江南化工,10
002227,*ST特迅,10
002228,合兴包装,10
002229,鸿博股份,10
002230,科大讯飞,10
002231,*ST奥维,10
002232,启明信息,10
002233,塔牌集团,10
002234,民和股份,10
002235,安妮股份,10
002236,大华股份,10
002237,恒邦股份,10
002238,天威视讯,10
002239,奥特佳,10
002240,盛新锂能,10
002241,歌尔股份,10
002242,九阳股份,10
002243,力合科创,10
002244,滨江集团,10
002245,蔚蓝锂芯,10
002246,北化股份,10
002247,聚力文化,10
002248,华东数控,10
002249,大洋电机,10
002250,联化科技,10
002251,步步高,10
002252,上海莱士,10
002253,川大智胜,10
002254,泰和新材,10
002255,海陆重工,10
002256,兆新股份,10
002258,利尔化学,10
002259,升达林业,10
002260,德奥退,10
002261,拓维信息,10
002262,恩华药业,10
002263,大东南,10
002264,新 华 都,10
002265,建设工业,10
002266,浙富控股,10
002267,陕天然气,10
002268,电科网安,10
002269,美邦服饰,10
002270,华明装备,10
002271,东方雨虹,10
002272,川润股份,10
002273,水晶光电,10
002274,华昌化工,10
002275,桂林三金,10
002276,万马股份,10
002277,友阿股份,10
002278,神开股份,10
002279,久其软件,10
002280,ST联络,10
002281,光迅科技,10
002282,博深股份,10
002283,天润工业,10
002284,亚太股份,10
002285,世联行,10
002286,保龄宝,10
002287,奇正藏药,10
002288,*ST超华,10
002289,宇顺电子,10
002290,禾盛新材,10
002291,遥望科技,10
002292,奥飞娱乐,10
002293,罗莱生活,10
002294,信立泰,10
002295,精艺股份,10
002296,辉煌科技,10
002297,博云新材,10
002298,中电鑫龙,10
002299,圣农发展,10
002300,太阳电缆,10
002301,齐心集团,10
002302,西部建设,10
002303,美盈森,10
002304,洋河股份,10
002305,*ST南置,10
002306,ST云网,10
002307,北新路桥,10
002308,*ST威创,10
002309,中利集团,10
002310,东方新能,10
002311,海大集团,10
002312,川发龙蟒,10
002313,日海智能,10
002314,南山控股,10
002315,焦点科技,10
002316,亚联发展,10
002317,众生药业,10
002318,久立特材,10
002319,乐通股份,10
002320,海峡股份,10
002321,华英农业,10
002322,理工能科,10
002323,*ST雅博,10
002324,普利特,10
002325,*ST洪涛,10
002326,永太科技,10
002327,富安娜,10
002328,新朋股份,10
002329,皇氏集团,10
002330,得利斯,10
002331,皖通科技,10
002332,仙琚制药,10
002333,罗普斯金,10
002334,英威腾,10
002335,科华数据,10
002336,人乐退,10
002337,赛象科技,10
002338,奥普光电,10
002339,积成电子,10
002340,格林美,10
002341,ST新纶,10
002342,巨力索具,10
002343,慈文传媒,10
002344,海宁皮城,10
002345,潮宏基,10
002346,柘中股份,10
002347,泰尔股份,10
002348,高乐股份,10
002349,精华制药,10
002350,北京科锐,10
002351,漫步者,10
002352,顺丰控股,10
002353,杰瑞股份,10
002354,天娱数科,10
002355,兴民智通,10
002356,赫美集团,10
002357,富临运业,10
002358,森源电气,10
002359,北讯退,10
002360,ST同德,10
002361,神剑股份,10
002362,汉王科技,10
002363,隆基机械,10
002364,中恒电气,10
002365,永安药业,10
002366,融发核电,10
002367,康力电梯,10
002368,太极股份,10
002369,卓翼科技,10
002370,亚太药业,10
002371,北方华创,10
002372,伟星新材,10
002373,千方科技,10
002374,中锐股份,10
002375,亚厦股份,10
002376,新北洋,10
002377,国创高新,10
002378,章源钨业,10
002379,宏桥控股,10
002380,科远智慧,10
002381,双箭股份,10
002382,蓝帆医疗,10
002383,合众思壮,10
002384,东山精密,10
002385,大北农,10
002386,天原股份,10
002387,维信诺,10
002388,新亚制程,10
002389,航天彩虹,10
002390,信邦制药,10
002391,长青股份,10
002392,北京利尔,10
002393,力生制药,10
002394,联发股份,10
002395,双象股份,10
002396,星网锐捷,10
002397,梦洁股份,10
002398,垒知集团,10
002399,海普瑞,10
002400,省广集团,10
002401,中远海科,10
002402,和而泰,10
002403,爱仕达,10
002404,嘉欣丝绸,10
002405,四维图新,10
002406,远东传动,10
002407,多氟多,10
002408,齐翔腾达,10
002409,雅克科技,10
002410,广联达,10
002411,必康退,10
002412,汉森制药,10
002413,雷科防务,10
002414,高德红外,10
002415,海康威视,10
002416,爱施德,10
002417,深南退,10
002418,康盛股份,10
002419,天虹股份,10
002420,毅昌科技,10
002421,达实智能,10
002422,科伦药业,10
002423,中粮资本,10
002424,ST百灵,10
002425,凯撒文化,10
002426,胜利精密,10
002427,尤夫股份,10
002428,云南锗业,10
002429,兆驰股份,10
002430,杭氧股份,10
002431,ST棕榈,10
002432,九安医疗,10
002433,太安退,10
002434,万里扬,10
002435,ST长康,10
002436,兴森科技,10
002437,誉衡药业,10
002438,江苏神通,10
002439,启明星辰,10
002440,闰土股份,10
002441,众业达,10
002442,龙星科技,10
002443,金洲管道,10
002444,巨星科技,10
002445,中南文化,10
002446,盛路通信,10
002447,晨鑫退,10
002448,中原内配,10
002449,国星光电,10
002450,康得退,10
002451,摩恩电气,10
002452,长高电气,10
002453,华软科技,10
002454,松芝股份,10
002455,百川股份,10
002456,欧菲光,10
002457,青龙管业,10
002458,益生股份,10
002459,晶澳科技,10
002460,赣锋锂业,10
002461,珠江啤酒,10
002462,嘉事堂,10
002463,沪电股份,10
002464,众应退,10
002465,海格通信,10
002466,天齐锂业,10
002467,二六三,10
002468,申通快递,10
002469,三维化学,10
002470,金正大,10
002471,中超控股,10
002472,双环传动,10
002473,圣莱退,10
002474,榕基软件,10
002475,立讯精密,10
002476,新叶股份,10
002477,雏鹰退,10
002478,常宝股份,10
002479,富春环保,10
002480,新筑股份,10
002481,双塔食品,10
002482,广田集团,10
002483,润邦股份,10
002484,江海股份,10
002485,ST雪发,10
002486,嘉麟杰,10
002487,大金重工,10
002488,金固股份,10
002489,浙江永强,10
002490,山东墨龙,10
002491,通鼎互联,10
002492,恒基达鑫,10
002493,荣盛石化,10
002494,华斯股份,10
002495,佳隆股份,10
002496,辉丰股份,10
002497,雅化集团,10
002498,汉缆股份,10
002499,科林退,10
002500,山西证券,10
002501,*ST利源,10
002502,ST鼎龙,10
002503,*ST搜特,10
002504,*ST弘高,10
002505,鹏都农牧,10
002506,协鑫集成,10
002507,涪陵榨菜,10
002508,老板电器,10
002509,天茂退,10
002510,天汽模,10
002511,中顺洁柔,10
002512,ST达华,10
002513,蓝丰生化,10
002514,*ST宝馨,10
002515,金字火腿,10
002516,旷达科技,10
002517,恺英网络,10
002518,科士达,10
002519,银河电子,10
002520,日发精机,10
002521,齐峰新材,10
002522,浙江众成,10
002523,天桥起重,10
002524,光正眼科,10
002526,山东矿机,10
002527,新时达,10
002528,*ST英飞,10
002529,海源复材,10
002530,金财互联,10
002531,天顺风能,10
002532,天山铝业,10
002533,金杯电工,10
002534,西子洁能,10
002535,林州重机,10
002536,飞龙股份,10
002537,海联金汇,10
002538,ST司特,10
002539,云图控股,10
002540,亚太科技,10
002541,鸿路钢构,10
002542,*ST中岩,10
002543,万和电气,10
002544,普天科技,10
002545,东方铁塔,10
002546,新联电子,10
002547,*ST春兴,10
002548,金新农,10
002549,凯美特气,10
002550,千红制药,10
002551,尚荣医疗,10
002552,宝鼎科技,10
002553,南方精工,10
002554,惠博普,10
002555,三七互娱,10
002556,辉隆股份,10
002557,洽洽食品,10
002558,巨人网络,10
002559,亚威股份,10
002560,通达股份,10
002561,徐家汇,10
002562,兄弟科技,10
002563,森马服饰,10
002564,天沃科技,10
002565,顺灏股份,10
002566,益盛药业,10
002567,唐人神,10
002568,百润股份,10
002569,*ST步森,10
002570,贝因美,10
002571,德力股份,10
002572,索菲亚,10
002573,清新环境,10
002574,明牌珠宝,10
002575,群兴玩具,10
002576,通达动力,10
002577,雷柏科技,10
002578,闽发铝业,10
002579,中京电子,10
002580,圣阳股份,10
002581,*ST未名,10
002582,好想你,10
002583,海能达,10
002584,西陇科学,10
002585,双星新材,10
002586,ST围海,10
002587,奥拓电子,10
002588,史丹利,10
002589,瑞康医药,10
002590,万安科技,10
002591,恒大高新,10
002592,ST八菱,10
002593,日上集团,10
002594,比亚迪,10
002595,豪迈科技,10
002596,海南瑞泽,10
002597,金禾实业,10
002598,ST章鼓,10
002599,盛通股份,10
002600,领益智造,10
002601,龙佰集团,10
002602,世纪华通,10
002603,以岭药业,10
002604,龙力退,10
002605,姚记科技,10
002606,大连电瓷,10
002607,中公教育,10
002608,江苏国信,10
002609,捷顺科技,10
002610,ST爱康,10
002611,东方精工,10
002612,朗姿股份,10
002613,北玻股份,10
002614,奥佳华,10
002615,哈尔斯,10
002616,长青集团,10
002617,露笑科技,10
002618,丹邦退,10
002619,*ST艾格,10
002620,*ST瑞和,10
002621,*ST美吉,10
002622,皓宸医疗,10
002623,亚玛顿,10
002624,完美世界,10
002625,光启技术,10
002626,金达威,10
002627,三峡旅游,10
002628,成都路桥,10
002629,仁智股份,10
002630,*ST华西,10
002631,德尔未来,10
002632,道明光学,10
002633,申科股份,10
002634,*ST棒杰,10
002635,安洁科技,10
002636,金安国纪,10
002637,赞宇科技,10
002638,勤上股份,10
002639,雪人集团,10
002640,跨境通,10
002641,公元股份,10
002642,荣联科技,10
002643,万润股份,10
002644,佛慈制药,10
002645,华宏科技,10
002646,天佑德酒,10
002647,仁东控股,10
002648,卫星化学,10
002649,博彦科技,10
002650,ST加加,10
002651,利君股份,10
002652,扬子新材,10
002653,海思科,10
002654,万润科技,10
002655,共达电声,10
002656,*ST摩登,10
002657,中科金财,10
002658,雪迪龙,10
002659,凯文教育,10
002660,茂硕电源,10
002661,克明食品,10
002662,峰璟股份,10
002663,普邦股份,10
002664,信质集团,10
002665,ST航高,10
002666,德联集团,10
002667,*ST威领,10
002668,TCL智家,10
002669,康达新材,10
002670,国盛证券,10
002671,龙泉股份,10
002672,东江环保,10
002673,西部证券,10
002674,兴业科技,10
002675,东诚药业,10
002676,顺威股份,10
002677,浙江美大,10
002678,珠江钢琴,10
002679,福建金森,10
002680,长生退,10
002681,奋达科技,10
002682,龙洲股份,10
002683,广东宏大,10
002684,猛狮退,10
002685,华东重机,10
002686,亿利达,10
002687,乔治白,10
002688,金河生物,10
002689,ST远智,10
002690,美亚光电,10
002691,*ST冀凯,10
002692,远程股份,10
002693,双成药业,10
002694,*ST顾地,10
002695,煌上煌,10
002696,百洋股份,10
002697,红旗连锁,10
002698,博实股份,10
002699,*ST美盛,10
002700,万憬能源,10
002701,奥瑞金,10
002702,海欣食品,10
002703,浙江世宝,10
002705,新宝股份,10
002706,良信股份,10
002707,众信旅游,10
002708,光洋股份,10
002709,天赐材料,10
002711,欧浦退,10
002712,思美传媒,10
002713,*ST东易,10
002714,牧原股份,10
002715,登云股份,10
002716,湖南白银,10
002717,*ST岭南,10
002718,友邦吊顶,10
002719,ST麦趣,10
002721,金一文化,10
002722,物产金轮,10
002723,小崧股份,10
002724,海洋王,10
002725,跃岭股份,10
002726,ST龙大,10
002727,一心堂,10
002728,特一药业,10
002729,好利科技,10
002730,电光科技,10
002731,ST萃华,10
002732,燕塘乳业,10
002733,雄韬股份,10
002734,利民股份,10
002735,王子新材,10
002736,国信证券,10
002737,葵花药业,10
002738,中矿资源,10
002739,儒意电影,10
002740,*ST爱迪,10
002741,光华科技,10
002742,冀衡医药,10
002743,富煌钢构,10
002745,木林森,10
002746,仙坛股份,10
002747,埃斯顿,10
002748,世龙实业,10
002749,国光股份,10
002750,龙津退,10
002751,易尚退,10
002752,昇兴股份,10
002753,永东股份,10
002755,奥赛康,10
002756,永兴材料,10
002757,南兴股份,10
002758,浙农股份,10
002759,天际股份,10
002760,凤形股份,10
002761,浙江建投,10
002762,金发拉比,10
002763,汇洁股份,10
002765,蓝黛科技,10
002766,索菱股份,10
002767,先锋电子,10
002768,国恩股份,10
002769,普路通,10
002770,科迪退,10
002771,真视通,10
002772,众兴菌业,10
002773,康弘药业,10
002774,快意电梯,10
002775,文科股份,10
002776,*ST柏龙,10
002777,久远银海,10
002778,中晟高科,10
002779,中坚科技,10
002780,三夫户外,10
002781,奇信退,10
002782,可立克,10
002783,凯龙股份,10
002785,万里石,10
002786,银宝山新,10
002787,华源控股,10
002788,鹭燕医药,10
002789,*ST建艺,10
002790,瑞尔特,10
002791,坚朗五金,10
002792,通宇通讯,10
002793,罗欣药业,10
002795,永和智控,10
002796,世嘉科技,10
002797,第一创业,10
002798,帝欧水华,10
002799,环球印务,10
002800,天顺股份,10
002801,微光股份,10
002802,洪汇新材,10
002803,吉宏股份,10
002805,丰元股份,10
002806,华锋股份,10
002807,江阴银行,10
002808,恒久退,10
002809,红墙股份,10
002810,山东赫达,10
002811,郑中设计,10
002812,恩捷股份,10
002813,路畅科技,10
002815,崇达技术,10
002816,*ST和科,10
002817,黄山胶囊,10
002818,富森美,10
002819,东方中科,10
002820,桂发祥,10
002821,凯莱英,10
002822,ST中装,10
002823,凯中精密,10
002824,和胜股份,10
002825,纳尔股份,10
002826,易明医药,10
002827,高争民爆,10
002828,贝肯能源,10
002829,星网宇达,10
002830,名雕股份,10
002831,裕同科技,10
002832,比音勒芬,10
002833,弘亚数控,10
002835,同为股份,10
002836,新宏泽,10
002837,英维克,10
002838,道恩股份,10
002839,张家港行,10
002840,华统股份,10
002841,视源股份,10
002842,翔鹭钨业,10
002843,泰嘉股份,10
002845,同兴达,10
002846,英联股份,10
002847,盐津铺子,10
002848,高斯贝尔,10
002849,威星智能,10
002850,科达利,10
002851,麦格米特,10
002852,道道全,10
002853,皮阿诺,10
002855,捷荣技术,10
002856,*ST美芝,10
002857,三晖电气,10
002858,力盛体育,10
002859,洁美科技,10
002860,星帅尔,10
002861,瀛通通讯,10
002862,实丰文化,10
002863,今飞凯达,10
002864,盘龙药业,10
002865,钧达股份,10
002866,传艺科技,10
002867,周大生,10
002868,绿康生化,10
002869,金溢科技,10
002870,香山股份,10
002871,伟隆股份,10
002872,ST天圣,10
002873,新天药业,10
002875,安奈儿,10
002876,三利谱,10
002877,智能自控,10
002878,元隆雅图,10
002879,长缆科技,10
002880,卫光生物,10
002881,美格智能,10
002882,金龙羽,10
002883,*ST中设,10
002884,凌霄泵业,10
002885,京泉华,10
002886,沃特股份,10
002887,绿茵生态,10
002888,惠威科技,10
002889,东方嘉盛,10
002890,弘宇股份,10
002891,中宠股份,10
002892,科力尔,10
002893,京能热力,10
002895,川恒股份,10
002896,中大力德,10
002897,意华股份,10
002898,赛隆退,10
002899,英派斯,10
002900,哈三联,10
002901,大博医疗,10
002902,铭普光磁,10
002903,宇环数控,10
002905,金逸影视,10
002906,华阳集团,10
002907,华森制药,10
002908,德生科技,10
002909,集泰股份,10
002910,庄园牧场,10
002911,佛燃能源,10
002912,中新赛克,10
002913,奥士康,10
002915,中欣氟材,10
002916,深南电路,10
002917,金奥博,10
002918,蒙娜丽莎,10
002919,名臣健康,10
002920,德赛西威,10
002921,联诚精密,10
002922,伊戈尔,10
002923,润都股份,10
002925,盈趣科技,10
002926,华西证券,10
002927,泰永长征,10
002928,华夏航空,10
002929,润建股份,10
002930,宏川智慧,10
002931,锋龙股份,10
002932,*ST明德,10
002933,新兴装备,10
002935,天奥电子,10
002936,郑州银行,10
002937,兴瑞科技,10
002938,鹏鼎控股,10
002939,长城证券,10
002940,昂利康,10
002941,新疆交建,10
002942,新农股份,10
002943,宇晶股份,10
002945,华林证券,10
002946,新乳业,10
002947,恒铭达,10
002948,青岛银行,10
002949,华阳国际,10
002950,奥美医疗,10
002951,金时科技,10
002952,亚世光电,10
002953,日丰股份,10
002955,鸿合科技,10
002956,西麦食品,10
002957,科瑞技术,10
002958,青农商行,10
002959,小熊电器,10
002960,青鸟智控,10
002961,瑞达期货,10
002962,五方光电,10
002963,豪尔赛,10
002965,祥鑫科技,10
002966,苏州银行,10
002967,广电计量,10
002968,新大正,10
002969,嘉美包装,10
002970,锐明技术,10
002971,和远气体,10
002972,科安达,10
002973,侨银股份,10
002975,博杰股份,10
002976,瑞玛精密,10
002977,*ST天箭,10
002978,安宁股份,10
002979,雷赛智能,10
002980,华盛昌,10
002981,朝阳科技,10
002982,湘佳股份,10
002983,芯瑞达,10
002984,森麒麟,10
002985,北摩高科,10
002986,宇新股份,10
002987,京北方,10
002988,豪美新材,10
002989,中天精装,10
002990,盛视科技,10
002991,甘源食品,10
002992,宝明科技,10
002993,奥海科技,10
002995,天地在线,10
002996,顺博合金,10
002997,瑞鹄模具,10
002998,优彩资源,10
002999,天禾股份,10
003000,劲仔食品,10
003001,中岩大地,10
003002,壶化股份,10
003003,天元股份,10
003004,声迅股份,10
003005,竞业达,10
003006,百亚股份,10
003007,直真科技,10
003008,开普检测,10
003009,中天火箭,10
003010,若羽臣,10
003011,海象新材,10
003012,东鹏控股,10
003013,地铁设计,10
003015,日久光电,10
003016,欣贺股份,10
003017,大洋生物,10
003018,金富科技,10
003019,宸展光电,10
003020,立方制药,10
003021,兆威机电,10
003022,联泓新科,10
003023,彩虹集团,10
003025,思进智能,10
003026,中晶科技,10
003027,同兴科技,10
003028,振邦智能,10
003029,吉大正元,10
003030,祖名股份,10
003031,中瓷电子,10
003032,传智教育,10
003033,征和工业,10
003035,南网能源,10
003036,泰坦股份,10
003037,三和管桩,10
003038,鑫铂股份,10
003039,顺控发展,10
003040,楚天龙,10
003041,真爱美家,10
003042,中农联合,10
003043,华亚智能,10
003816,中国广核,10
300001,特锐德,20
300002,神州泰岳,20
300003,乐普医疗,20
300004,南风股份,20
300005,探路者,20
300006,莱美药业,20
300007,汉威科技,20
300008,天海防务,20
300009,安科生物,20
300010,ST豆神,20
300011,鼎汉技术,20
300012,华测检测,20
300013,新宁物流,20
300014,亿纬锂能,20
300015,爱尔眼科,20
300016,北陆药业,20
300017,网宿科技,20
300018,中元股份,20
300019,硅宝科技,20
300020,ST银江,20
300021,大禹节水,20
300022,吉峰科技,20
300023,宝德退,20
300024,机器人,20
300025,华星创业,20
300026,红日药业,20
300027,ST华谊,20
300028,金亚退,20
300029,天龙退,20
300030,阳普医疗,20
300031,宝通科技,20
300032,金龙机电,20
300033,同花顺,20
300034,钢研高纳,20
300035,中科电气,20
300036,超图软件,20
300037,新宙邦,20
300038,数知退,20
300039,上海凯宝,20
300040,九洲集团,20
300041,回天新材,20
300042,朗科科技,20
300043,星辉娱乐,20
300044,*ST赛为,20
300045,华力创通,20
300046,台基股份,20
300047,天源迪科,20
300048,合康新能,20
300049,福瑞医科,20
300050,世纪鼎利,20
300051,琏升科技,20
300052,中青宝,20
300053,航宇微,20
300054,鼎龙股份,20
300055,万邦达,20
300056,中创环保,20
300057,万顺新材,20
300058,蓝色光标,20
300059,东方财富,20
300061,旗天科技,20
300062,中能电气,20
300063,天龙集团,20
300064,金刚退,20
300065,海兰信,20
300066,三川智慧,20
300067,安诺其,20
300068,ST南都,20
300069,金利华电,20
300070,碧水源,20
300071,福石控股,20
300072,海新能科,20
300073,当升科技,20
300074,华平股份,20
300075,数字政通,20
300076,*ST宁视,20
300077,国民技术,20
300078,思创智联,20
300079,数码视讯,20
300080,易成新能,20
300081,ST恒信,20
300082,奥克股份,20
300083,创世纪,20
300084,海默科技,20
300085,银之杰,20
300086,康芝药业,20
300087,荃银高科,20
300088,长信科技,20
300089,文化退,20
300090,盛运退,20
300091,*ST金灵,20
300092,科新机电,20
300093,金刚光伏,20
300094,国联水产,20
300095,华伍股份,20
300096,ST易联众,20
300097,智云股份,20
300098,高新兴,20
300099,尤洛卡,20
300100,双林股份,20
300101,振芯科技,20
300102,乾照光电,20
300103,达刚控股,20
300104,乐视退,20
300105,龙源技术,20
300106,西部牧业,20
300107,建新股份,20
300108,*ST吉药,20
300109,新开源,20
300110,华仁药业,20
300111,向日葵,20
300112,万讯自控,20
300113,顺网科技,20
300115,长盈精密,20
300116,*ST保力,20
300117,*ST嘉寓,20
300118,东方日升,20
300119,瑞普生物,20
300120,经纬辉开,20
300121,阳谷华泰,20
300122,智飞生物,20
300123,ST亚光,20
300124,汇川技术,20
300125,*ST聆达,20
300126,锐奇股份,20
300127,银河磁体,20
300128,锦富技术,20
300129,泰胜风能,20
300130,新国都,20
300131,英唐智控,20
300132,青松股份,20
300133,华策影视,20
300134,大富科技,20
300135,宝利国际,20
300136,信维通信,20
300137,先河环保,20
300138,晨光生物,20
300139,晓程科技,20
300140,节能环境,20
300141,和顺电气,20
300142,沃森生物,20
300143,盈康生命,20
300144,宋城演艺,20
300145,南方泵业,20
300146,汤臣倍健,20
300147,*ST香雪,20
300148,天舟文化,20
300149,睿智医药,20
300150,世纪瑞尔,20
300151,昌红科技,20
300152,*ST动力,20
300153,科泰电源,20
300154,瑞凌股份,20
300155,安居宝,20
300156,神雾退,20
300157,新锦动力,20
300158,振东制药,20
300159,新研股份,20
300160,秀强股份,20
300161,华中数控,20
300162,雷曼光电,20
300163,先锋新材,20
300164,通源石油,20
300165,天瑞仪器,20
300166,东方国信,20
300167,ST迪威迅,20
300168,万达信息,20
300169,天晟新材,20
300170,汉得信息,20
300171,东富龙,20
300172,中电环保,20
300173,ST福能,20
300174,元力股份,20
300175,朗源股份,20
300176,鸿特科技,20
300177,中海达,20
300178,腾邦退,20
300179,四方达,20
300180,华峰超纤,20
300181,佐力药业,20
300182,捷成股份,20
300183,东软载波,20
300184,力源信息,20
300185,通裕重工,20
300186,大华农,20
300187,永清环保,20
300188,国投智能,20
300189,神农种业,20
300190,维尔利,20
300191,潜能恒信,20
300192,科德教育,20
300193,佳士科技,20
300194,福安药业,20
300195,长荣股份,20
300196,长海股份,20
300197,节能铁汉,20
300198,*ST纳川,20
300199,翰宇药业,20
300200,高盟新材,20
300201,海伦哲,20
300202,聚龙退,20
300203,聚光科技,20
300204,舒泰神,20
300205,*ST天喻,20
300206,理邦仪器,20
300207,欣旺达,20
300208,中程退,20
300209,行云科技,20
300210,森远股份,20
300211,*ST亿通,20
300212,*ST易录,20
300213,佳讯飞鸿,20
300214,日科化学,20
300215,电科院,20
300216,千山退,20
300217,东方电热,20
300218,安利股份,20
300219,鸿利智汇,20
300220,金运激光,20
300221,银禧科技,20
300222,科大智能,20
300223,北京君正,20
300224,正海磁材,20
300225,金力泰,20
300226,上海钢联,20
300227,光韵达,20
300228,富瑞特装,20
300229,拓尔思,20
300230,永利股份,20
300231,银信科技,20
300232,洲明科技,20
300233,金城医药,20
300234,开尔新材,20
300235,方直科技,20
300236,上海新阳,20
300237,ST美晨,20
300238,冠昊生物,20
300239,东宝生物,20
300240,飞力达,20
300241,瑞丰光电,20
300242,佳云科技,20
300243,瑞丰高材,20
300244,迪安诊断,20
300245,ST天玑,20
300246,宝莱特,20
300247,融捷健康,20
300248,新开普,20
300249,依米康,20
300250,初灵信息,20
300251,光线传媒,20
300252,金信诺,20
300253,卫宁健康,20
300254,仟源医药,20
300255,常山药业,20
300256,星星科技,20
300257,开山股份,20
300258,精锻科技,20
300259,新天科技,20
300260,新莱应材,20
300261,雅本化学,20
300262,*ST巴安,20
300263,隆华科技,20
300264,佳创视讯,20
300265,通光线缆,20
300266,兴源环境,20
300267,尔康制药,20
300268,佳沃食品,20
300269,联建光电,20
300270,中威电子,20
300271,华宇软件,20
300272,开能健康,20
300273,和佳退,20
300274,阳光电源,20
300275,梅安森,20
300276,三丰智能,20
300277,汽轮科技,20
300278,华昌达,20
300279,和晶科技,20
300280,紫天退,20
300281,金明精机,20
300282,三盛退,20
300283,温州宏丰,20
300284,苏交科,20
300285,国瓷材料,20
300286,安科瑞,20
300287,飞利信,20
300288,朗玛信息,20
300289,利德曼,20
300290,荣科科技,20
300291,百纳千成,20
300292,吴通控股,20
300293,蓝英装备,20
300294,博雅生物,20
300295,*ST三六,20
300296,利亚德,20
300297,蓝盾退,20
300298,三诺生物,20
300299,富春股份,20
300300,海峡创新,20
300301,ST长方,20
300302,同有科技,20
300303,聚飞光电,20
300304,云意电气,20
300305,裕兴股份,20
300306,远方信息,20
300307,慈星股份,20
300308,中际旭创,20
300309,吉艾退,20
300310,宜通世纪,20
300311,ST任子行,20
300312,邦讯退,20
300313,天山生物,20
300314,戴维医疗,20
300315,掌趣科技,20
300316,晶盛机电,20
300317,珈伟新能,20
300318,博晖创新,20
300319,麦捷科技,20
300320,海达股份,20
300321,同大股份,20
300322,硕贝德,20
300323,华灿光电,20
300324,旋极信息,20
300325,德威退,20
300326,ST凯利,20
300327,中颖电子,20
300328,宜安科技,20
300329,海伦钢琴,20
300330,计通退,20
300331,苏大维格,20
300332,天壕能源,20
300333,兆日科技,20
300334,津膜科技,20
300335,迪森股份,20
300336,新文退,20
300337,银邦股份,20
300338,*ST开元,20
300339,润和软件,20
300340,科恒股份,20
300341,麦克奥迪,20
300342,天银机电,20
300343,联创股份,20
300344,立方退,20
300345,华民股份,20
300346,南大光电,20
300347,泰格医药,20
300348,长亮科技,20
300349,金卡智能,20
300350,华鹏飞,20
300351,永贵电器,20
300352,ST信源,20
300353,东土科技,20
300354,东华测试,20
300355,蒙草生态,20
300356,光一退,20
300357,我武生物,20
300358,楚天科技,20
300359,全通教育,20
300360,炬华科技,20
300362,天翔退,20
300363,博腾股份,20
300364,中文在线,20
300365,恒华科技,20
300366,ST创意,20
300367,网力退,20
300368,汇金股份,20
300369,绿盟科技,20
300370,安控科技,20
300371,汇中股份,20
300372,欣泰退,20
300373,扬杰科技,20
300374,中铁装配,20
300375,鹏翎股份,20
300376,易事特,20
300377,赢时胜,20
300378,鼎捷数智,20
300379,东通退,20
300380,安硕信息,20
300381,溢多利,20
300382,斯莱克,20
300383,光环新网,20
300384,三联虹普,20
300385,ST雪浪,20
300386,飞天诚信,20
300387,富邦科技,20
300388,节能国祯,20
300389,艾比森,20
300390,天华新能,20
300391,长药退,20
300392,腾信退,20
300393,中来股份,20
300394,天孚通信,20
300395,菲利华,20
300396,ST迪瑞,20
300397,天和防务,20
300398,飞凯材料,20
300399,天利科技,20
300400,劲拓股份,20
300401,花园生物,20
300402,宝色股份,20
300403,汉宇集团,20
300404,博济医药,20
300405,科隆股份,20
300406,九强生物,20
300407,凯发电气,20
300408,三环集团,20
300409,道氏技术,20
300410,正业科技,20
300411,金盾股份,20
300412,迦南科技,20
300413,芒果超媒,20
300414,中光防雷,20
300415,伊之密,20
300416,苏试试验,20
300417,南华仪器,20
300418,昆仑万维,20
300419,ST浩丰,20
300420,五洋自控,20
300421,力星股份,20
300422,博世科,20
300423,昇辉科技,20
300424,航新科技,20
300425,中建环能,20
300426,华智数媒,20
300427,红相股份,20
300428,立中集团,20
300429,强力新材,20
300430,*ST益通,20
300431,暴风退,20
300432,富临精工,20
300433,蓝思科技,20
300434,金石亚药,20
300435,中泰股份,20
300436,广生堂,20
300437,清水源,20
300438,鹏辉能源,20
300439,美康生物,20
300440,运达科技,20
300441,鲍斯股份,20
300442,润泽科技,20
300443,金雷股份,20
300444,双杰电气,20
300445,康斯特,20
300446,航天智造,20
300447,全信股份,20
300448,浩云科技,20
300449,汉邦高科,20
300450,先导智能,20
300451,创业慧康,20
300452,山河药辅,20
300453,三鑫医疗,20
300454,深信服,20
300455,航天智装,20
300456,赛微电子,20
300457,赢合科技,20
300458,全志科技,20
300459,汤姆猫,20
300460,ST惠伦,20
300461,田中精机,20
300462,ST华铭,20
300463,迈克生物,20
300464,星徽股份,20
300465,高伟达,20
300466,赛摩智能,20
300467,迅游科技,20
300468,四方精创,20
300469,信息发展,20
300470,中密控股,20
300471,厚普股份,20
300472,*ST新元,20
300473,德尔股份,20
300474,景嘉微,20
300475,香农芯创,20
300476,胜宏科技,20
300477,ST合纵,20
300478,杭州高新,20
300479,神思电子,20
300480,光力科技,20
300481,濮阳惠成,20
300482,万孚生物,20
300483,首华燃气,20
300484,蓝海华腾,20
300485,赛升药业,20
300486,东杰智能,20
300487,蓝晓科技,20
300488,恒锋工具,20
300489,光智科技,20
300490,华自科技,20
300491,通合科技,20
300492,华图山鼎,20
300493,润欣科技,20
300494,盛天网络,20
300495,*ST美尚,20
300496,中科创达,20
300497,富祥股份,20
300498,温氏股份,20
300499,高澜股份,20
300500,启迪设计,20
300501,海顺新材,20
300502,新易盛,20
300503,昊志机电,20
300504,天邑股份,20
300505,川金诺,20
300506,名家汇,20
300507,苏奥传感,20
300508,维宏股份,20
300509,新美星,20
300510,金冠股份,20
300511,雪榕生物,20
300512,中亚股份,20
300513,恒实科技,20
300514,友讯达,20
300515,三德科技,20
300516,久之洋,20
300517,海波重科,20
300518,新迅达,20
300519,新光药业,20
300520,科大国创,20
300521,爱司凯,20
300522,世名科技,20
300523,辰安科技,20
300525,博思软件,20
300526,中潜退,20
300527,ST应急,20
300528,幸福蓝海,20
300529,健帆生物,20
300530,领湃科技,20
300531,优博讯,20
300532,今天国际,20
300533,冰川网络,20
300534,陇神戎发,20
300535,达威股份,20
300536,农尚环境,20
300537,广信材料,20
300538,同益股份,20
300539,横河精密,20
300540,蜀道装备,20
300541,先进数通,20
300542,新晨科技,20
300543,朗科智能,20
300545,联得装备,20
300546,雄帝科技,20
300547,川环科技,20
300548,长芯博创,20
300549,优德精密,20
300550,和仁科技,20
300551,古鳌科技,20
300552,万集科技,20
300553,集智股份,20
300554,三超新材,20
300555,ST路通,20
300556,丝路视觉,20
300557,理工光科,20
300558,贝达药业,20
300559,佳发教育,20
300560,中富通,20
300561,汇金科技,20
300562,乐心医疗,20
300563,神宇股份,20
300564,筑博设计,20
300565,科信技术,20
300566,激智科技,20
300567,精测电子,20
300568,星源材质,20
300569,天能重工,20
300570,太辰光,20
300571,平治信息,20
300572,安车检测,20
300573,兴齐眼药,20
300575,中旗股份,20
300576,容大感光,20
300577,开润股份,20
300578,会畅科技,20
300579,数字认证,20
300580,贝斯特,20
300581,晨曦航空,20
300582,英飞特,20
300583,赛托生物,20
300584,海辰药业,20
300585,奥联电子,20
300586,美联新材,20
300587,天铁科技,20
300588,熙菱信息,20
300589,江龙船艇,20
300590,移为通信,20
300591,万里马,20
300592,华凯易佰,20
300593,新雷能,20
300594,ST朗进,20
300595,欧普康视,20
300596,利安隆,20
300597,吉大通信,20
300598,诚迈科技,20
300599,雄塑科技,20
300600,国瑞科技,20
300601,康泰生物,20
300602,飞荣达,20
300603,立昂技术,20
300604,长川科技,20
300605,恒锋信息,20
300606,金太阳,20
300607,拓斯达,20
300608,思特奇,20
300609,汇纳科技,20
300610,晨化股份,20
300611,美力科技,20
300612,宣亚国际,20
300613,富瀚微,20
300614,百川畅银,20
300615,欣天科技,20
300616,尚品宅配,20
300617,安靠智电,20
300618,寒锐钴业,20
300619,金银河,20
300620,光库科技,20
300621,维业股份,20
300622,博士眼镜,20
300623,捷捷微电,20
300624,万兴科技,20
300625,三雄极光,20
300626,华瑞股份,20
300627,华测导航,20
300628,亿联网络,20
300629,新劲刚,20
300630,普利退,20
300631,久吾高科,20
300632,光莆股份,20
300633,开立医疗,20
300634,彩讯股份,20
300635,中达安,20
300636,同和药业,20
300637,扬帆新材,20
300638,广和通,20
300639,凯普生物,20
300640,德艺文创,20
300641,正丹股份,20
300642,透景生命,20
300643,万通智控,20
300644,南京聚隆,20
300645,正元智慧,20
300647,超频三,20
300648,星云股份,20
300649,杭州园林,20
300650,太龙股份,20
300651,金陵体育,20
300652,雷迪克,20
300653,正海生物,20
300654,世纪天鸿,20
300655,晶瑞电材,20
300656,民德电子,20
300657,弘信电子,20
300658,延江股份,20
300659,中孚信息,20
300660,江苏雷利,20
300661,圣邦股份,20
300662,科锐国际,20
300663,科蓝软件,20
300664,鹏鹞环保,20
300665,飞鹿股份,20
300666,江丰电子,20
300667,必创科技,20
300668,杰恩股份,20
300669,沪宁股份,20
300670,大烨智能,20
300671,富满微,20
300672,国科微,20
300673,佩蒂股份,20
300674,宇信科技,20
300675,建科院,20
300676,华大基因,20
300677,英科医疗,20
300678,中科信息,20
300679,电连技术,20
300680,隆盛科技,20
300681,英搏尔,20
300682,朗新科技,20
300683,海特生物,20
300684,中石科技,20
300685,艾德生物,20
300686,智动力,20
300687,赛意信息,20
300688,创业黑马,20
300689,澄天伟业,20
300690,双一科技,20
300691,联合光电,20
300692,中赋科技,20
300693,盛弘股份,20
300694,蠡湖股份,20
300695,兆丰股份,20
300696,爱乐达,20
300697,电工合金,20
300698,万马科技,20
300699,光威复材,20
300700,岱勒新材,20
300701,森霸传感,20
300702,天宇股份,20
300703,创源股份,20
300705,九典制药,20
300706,阿石创,20
300707,威唐工业,20
300708,聚灿光电,20
300709,精研科技,20
300710,万隆光电,20
300711,广哈通信,20
300712,永福股份,20
300713,英可瑞,20
300715,凯伦股份,20
300716,*ST泉为,20
300717,华信新材,20
300718,长盛轴承,20
300719,安达维尔,20
300720,海川智能,20
300721,怡达股份,20
300722,新余国科,20
300723,一品红,20
300724,捷佳伟创,20
300725,药石科技,20
300726,宏达电子,20
300727,润禾材料,20
300729,乐歌股份,20
300730,科创信息,20
300731,科创新源,20
300732,设研院,20
300733,西菱动力,20
300735,光弘科技,20
300736,百邦科技,20
300737,科顺股份,20
300738,奥飞数据,20
300739,明阳电路,20
300740,水羊股份,20
300741,华宝股份,20
300742,越博退,20
300743,天地数码,20
300745,欣锐科技,20
300746,汉嘉数智,20
300747,锐科激光,20
300748,金力永磁,20
300749,顶固集创,20
300750,宁德时代,20
300751,迈为股份,20
300752,隆利科技,20
300753,爱朋医疗,20
300755,华致酒行,20
300756,金马游乐,20
300757,罗博特科,20
300758,七彩化学,20
300759,康龙化成,20
300760,迈瑞医疗,20
300761,立华股份,20
300762,上海瀚讯,20
300763,锦浪科技,20
300765,石药创新,20
300766,每日互动,20
300767,震安科技,20
300768,迪普科技,20
300769,德方纳米,20
300770,新媒股份,20
300771,智莱科技,20
300772,运达股份,20
300773,拉卡拉,20
300774,倍杰特,20
300775,三角防务,20
300776,帝尔激光,20
300777,中简科技,20
300778,新城市,20
300779,惠城环保,20
300780,德恩精工,20
300781,因赛集团,20
300782,卓胜微,20
300783,三只松鼠,20
300784,利安科技,20
300785,值得买,20
300786,国林科技,20
300787,海能实业,20
300788,中信出版,20
300789,唐源电气,20
300790,宇瞳光学,20
300791,仙乐健康,20
300792,壹网壹创,20
300793,佳禾智能,20
300795,米奥会展,20
300796,贝斯美,20
300797,钢研纳克,20
300798,锦鸡股份,20
300799,左江退,20
300800,力合科技,20
300801,泰和科技,20
300802,矩子科技,20
300803,指南针,20
300804,广康生化,20
300805,电声股份,20
300806,斯迪克,20
300807,天迈科技,20
300808,久量股份,20
300809,华辰装备,20
300810,中科海讯,20
300811,铂科新材,20
300812,易天股份,20
300813,泰林生物,20
300814,中富电路,20
300815,玉禾田,20
300816,艾可蓝,20
300817,双飞集团,20
300818,耐普矿机,20
300819,聚杰微纤,20
300820,英杰电气,20
300821,东岳硅材,20
300822,贝仕达克,20
300823,建科智能,20
300824,北鼎股份,20
300825,阿尔特,20
300826,测绘股份,20
300827,上能电气,20
300828,锐新科技,20
300829,金丹科技,20
300830,金现代,20
300831,ST派瑞,20
300832,新产业,20
300833,浩洋股份,20
300834,星辉环材,20
300835,龙磁科技,20
300836,佰奥智能,20
300837,浙矿股份,20
300838,浙江力诺,20
300839,博汇股份,20
300840,酷特智能,20
300841,康华生物,20
300842,帝科股份,20
300843,胜蓝股份,20
300844,山水比德,20
300845,捷安高科,20
300846,首都在线,20
300847,中船汉光,20
300848,美瑞新材,20
300849,锦盛新材,20
300850,新强联,20
300851,交大思诺,20
300852,四会富仕,20
300853,申昊科技,20
300854,中兰环保,20
300855,图南股份,20
300856,科思股份,20
300857,协创数据,20
300858,科拓生物,20
300859,西域旅游,20
300860,锋尚文化,20
300861,美畅股份,20
300862,蓝盾光电,20
300863,卡倍亿,20
300864,南大环境,20
300865,大宏立,20
300866,安克创新,20
300867,圣元环保,20
300868,杰美特,20
300869,康泰医学,20
300870,欧陆通,20
300871,回盛生物,20
300872,天阳科技,20
300873,海晨股份,20
300875,捷强装备,20
300876,蒙泰高新,20
300877,金春股份,20
300878,维康药业,20
300879,大叶股份,20
300880,迦南智能,20
300881,盛德鑫泰,20
300882,万胜智能,20
300883,龙利得,20
300884,狄耐克,20
300885,海昌新材,20
300886,华业香料,20
300887,谱尼测试,20
300888,稳健医疗,20
300889,爱克股份,20
300890,翔丰华,20
300891,惠云钛业,20
300892,品渥食品,20
300893,松原安全,20
300894,火星人,20
300895,铜牛信息,20
300896,爱美客,20
300897,山科智能,20
300898,熊猫乳品,20
300899,上海凯鑫,20
300900,广联航空,20
300901,中胤时尚,20
300902,国安达,20
300903,科翔股份,20
300904,威力传动,20
300905,宝丽迪,20
300906,日月明,20
300907,康平科技,20
300908,仲景食品,20
300909,汇创达,20
300910,瑞丰新材,20
300911,亿田智能,20
300912,凯龙高科,20
300913,兆龙互连,20
300915,海融科技,20
300916,朗特智能,20
300917,特发服务,20
300918,南山智尚,20
300919,中伟新材,20
300920,润阳科技,20
300921,南凌科技,20
300922,天秦装备,20
300923,研奥股份,20
300925,法本信息,20
300926,博俊科技,20
300927,江天化学,20
300928,华安鑫创,20
300929,华骐环保,20
300930,屹通新材,20
300931,通用电梯,20
300932,三友联众,20
300933,中辰股份,20
300935,盈建科,20
300936,中英科技,20
300937,药易购,20
300938,信测标准,20
300939,秋田微,20
300940,南极光,20
300941,创识科技,20
300942,易瑞生物,20
300943,春晖智控,20
300945,曼卡龙,20
300946,恒而达,20
300947,德必集团,20
300948,冠中生态,20
300949,奥雅股份,20
300950,德固特,20
300951,博硕科技,20
300952,恒辉安防,20
300953,震裕科技,20
300955,嘉亨家化,20
300956,英力股份,20
300957,贝泰妮,20
300958,建工修复,20
300959,线上线下,20
300960,通业科技,20
300961,深水海纳,20
300962,中金辐照,20
300963,中洲特材,20
300964,本川智能,20
300965,恒宇信通,20
300966,共同药业,20
300967,晓鸣股份,20
300968,格林精密,20
300969,恒帅股份,20
300970,华绿生物,20
300971,博亚精工,20
300972,万辰集团,20
300973,立高食品,20
300975,商络电子,20
300976,达瑞电子,20
300977,深圳瑞捷,20
300978,东箭科技,20
300979,华利集团,20
300980,祥源新材,20
300981,中红医疗,20
300982,苏文电能,20
300983,尤安设计,20
300984,金沃股份,20
300985,致远新能,20
300986,志特新材,20
300987,川网传媒,20
300988,津荣天宇,20
300989,蕾奥规划,20
300990,同飞股份,20
300991,创益通,20
300992,泰福泵业,20
300993,玉马科技,20
300994,久祺股份,20
300995,奇德新材,20
300996,普联软件,20
300997,欢乐家,20
300998,宁波方正,20
300999,金龙鱼,20
301000,肇民科技,20
301001,凯淳股份,20
301002,崧盛股份,20
301003,江苏博云,20
301004,嘉益股份,20
301005,超捷股份,20
301006,迈拓股份,20
301007,德迈仕,20
301008,宏昌科技,20
301009,可靠股份,20
301010,晶雪节能,20
301011,华立科技,20
301012,扬电科技,20
301013,利和兴,20
301015,百洋医药,20
301016,雷尔伟,20
301017,漱玉平民,20
301018,申菱环境,20
301019,宁波色母,20
301020,密封科技,20
301021,英诺激光,20
301022,海泰科,20
301023,奕帆传动,20
301024,霍普股份,20
301025,读客文化,20
301026,浩通科技,20
301027,华蓝集团,20
301028,鼎熔岩,20
301029,怡合达,20
301030,*ST仕净,20
301031,中熔电气,20
301032,新柴股份,20
301033,迈普医学,20
301035,润丰股份,20
301036,双乐股份,20
301037,保立佳,20
301038,深水规院,20
301039,中集车辆,20
301040,中环海陆,20
301041,金百泽,20
301042,安联锐视,20
301043,绿岛风,20
301045,天禄科技,20
301046,能辉科技,20
301047,义翘神州,20
301048,金鹰重工,20
301049,超越科技,20
301050,雷电微力,20
301051,信濠光电,20
301052,果麦文化,20
301053,远信工业,20
301055,张小泉,20
301056,森赫股份,20
301057,汇隆新材,20
301058,中粮科工,20
301059,金三江,20
301060,兰卫医学,20
301061,匠心家居,20
301062,上海艾录,20
301063,海锅股份,20
301065,本立科技,20
301066,万事利,20
301067,显盈科技,20
301068,大地海洋,20
301069,凯盛新材,20
301070,开勒股份,20
301071,力量钻石,20
301072,中捷精工,20
301073,君亭酒店,20
301075,多瑞医药,20
301076,新瀚新材,20
301077,星华新材,20
301078,孩子王,20
301079,邵阳液压,20
301080,百普赛斯,20
301081,严牌股份,20
301082,久盛电气,20
301083,百胜智能,20
301085,亚康股份,20
301086,鸿富瀚,20
301087,可孚医疗,20
301088,戎美股份,20
301089,拓新药业,20
301090,华润材料,20
301091,深城交,20
301092,争光股份,20
301093,华兰股份,20
301095,广立微,20
301096,百诚医药,20
301097,天益医疗,20
301098,金埔园林,20
301099,雅创电子,20
301100,风光股份,20
301101,明月镜片,20
301102,兆讯传媒,20
301103,何氏眼科,20
301105,鸿铭股份,20
301106,骏成科技,20
301107,瑜欣电子,20
301108,洁雅股份,20
301109,军信股份,20
301110,青木科技,20
301111,粤万年青,20
301112,信邦智能,20
301113,雅艺科技,20
301115,联检科技,20
301116,益客食品,20
301117,佳缘科技,20
301118,恒光股份,20
301119,正强股份,20
301120,新特电气,20
301121,紫建电子,20
301122,采纳股份,20
301123,奕东电子,20
301125,腾亚精工,20
301126,达嘉维康,20
301127,武汉天源,20
301128,强瑞技术,20
301129,瑞纳智能,20
301130,西点药业,20
301131,聚赛龙,20
301132,满坤科技,20
301133,金钟股份,20
301135,瑞德智能,20
301136,招标股份,20
301137,哈焊华通,20
301138,华研精机,20
301139,*ST元道,20
301141,中科磁业,20
301148,嘉戎技术,20
301149,隆华新材,20
301150,中一科技,20
301151,冠龙节能,20
301152,天力锂能,20
301153,中科江南,20
301155,海力风电,20
301156,美农生物,20
301157,华塑科技,20
301158,德石股份,20
301159,三维天地,20
301160,翔楼新材,20
301161,唯万密封,20
301162,国能日新,20
301163,宏德股份,20
301165,锐捷网络,20
301166,优宁维,20
301167,建研设计,20
301168,通灵股份,20
301169,零点有数,20
301170,锡南科技,20
301171,易点天下,20
301172,君逸数码,20
301173,毓恬冠佳,20
301175,中科环保,20
301176,逸豪新材,20
301177,迪阿股份,20
301178,天亿马,20
301179,泽宇智能,20
301180,万祥科技,20
301181,标榜股份,20
301182,凯旺科技,20
301183,东田微,20
301185,鸥玛软件,20
301186,超达装备,20
301187,欧圣电气,20
301188,力诺药包,20
301189,奥尼电子,20
301190,善水科技,20
301191,菲菱科思,20
301192,泰祥股份,20
301193,家联科技,20
301195,北路智控,20
301196,唯科科技,20
301197,工大科雅,20
301198,喜悦智行,20
301199,迈赫股份,20
301200,大族数控,20
301201,诚达药业,20
301202,朗威股份,20
301203,国泰环保,20
301205,联特科技,20
301206,三元生物,20
301207,华兰疫苗,20
301208,中亦科技,20
301209,联合化学,20
301210,金杨精密,20
301211,亨迪药业,20
301212,联盛化学,20
301213,观想科技,20
301215,中汽股份,20
301216,万凯新材,20
301217,铜冠铜箔,20
301218,华是科技,20
301219,腾远钴业,20
301220,亚香股份,20
301221,光庭信息,20
301222,浙江恒威,20
301223,中荣股份,20
301225,恒勃股份,20
301226,祥明智能,20
301227,森鹰窗业,20
301228,实朴检测,20
301229,纽泰格,20
301230,泓博医药,20
301231,荣信文化,20
301232,飞沃科技,20
301233,盛帮股份,20
301234,五洲医疗,20
301235,华康洁净,20
301236,软通动力,20
301237,和顺科技,20
301238,瑞泰新材,20
301239,普瑞眼科,20
301246,宏源药业,20
301248,杰创智能,20
301251,威尔高,20
301252,同星科技,20
301255,通力科技,20
301256,华融化学,20
301257,普蕊斯,20
301258,富士莱,20
301259,艾布鲁,20
301260,格力博,20
301261,恒工精密,20
301262,海看股份,20
301263,泰恩康,20
301265,华新科技,20
301266,宇邦新材,20
301267,华厦眼科,20
301268,铭利达,20
301269,华大九天,20
301270,汉仪股份,20
301272,英华特,20
301273,瑞晨环保,20
301275,汉朔科技,20
301276,嘉曼服饰,20
301277,新天地,20
301278,快可电子,20
301279,金道科技,20
301280,珠城科技,20
301281,科源制药,20
301282,金禄电子,20
301283,聚胶股份,20
301285,鸿日达,20
301286,侨源股份,20
301287,康力源,20
301288,清研环境,20
301289,国缆检测,20
301290,东星医疗,20
301291,明阳电气,20
301292,海科新源,20
301293,三博脑科,20
301295,美硕科技,20
301296,新巨丰,20
301297,富乐德,20
301298,东利机械,20
301299,卓创资讯,20
301300,远翔新材,20
301301,川宁生物,20
301302,华如科技,20
301303,真兰仪表,20
301305,朗坤科技,20
301306,西测测试,20
301307,美利信,20
301308,江波龙,20
301309,万得凯,20
301310,鑫宏业,20
301311,昆船智能,20
301312,智立方,20
301313,凡拓数创,20
301314,科瑞思,20
301315,威士顿,20
301316,慧博云通,20
301317,鑫磊股份,20
301318,维海德,20
301319,唯特偶,20
301320,豪江智能,20
301321,翰博高新,20
301322,绿通科技,20
301323,新莱福,20
301325,曼恩斯特,20
301326,捷邦科技,20
301327,华宝新能,20
301328,维峰电子,20
301329,信音电子,20
301330,熵基科技,20
301331,恩威医药,20
301332,德尔玛,20
301333,诺思格,20
301335,天元宠物,20
301336,趣睡科技,20
301337,亚华电子,20
301338,凯格精机,20
301339,通行宝,20
301345,涛涛车业,20
301348,蓝箭电子,20
301349,信德新材,20
301353,普莱得,20
301355,南王科技,20
301356,天振股份,20
301357,北方长龙,20
301358,湖南裕能,20
301359,东南电子,20
301360,荣旗科技,20
301361,众智科技,20
301362,民爆光电,20
301363,美好医疗,20
301365,矩阵股份,20
301366,一博科技,20
301367,瑞迈特,20
301368,丰立智能,20
301369,联动科技,20
301370,国科恒泰,20
301371,敷尔佳,20
301372,科净源,20
301373,凌玮科技,20
301376,致欧科技,20
301377,鼎泰高科,20
301378,通达海,20
301379,天山电子,20
301380,挖金客,20
301381,赛维时代,20
301382,蜂助手,20
301383,天键股份,20
301386,未来电器,20
301387,光大同创,20
301388,欣灵电气,20
301389,隆扬电子,20
301390,经纬股份,20
301391,卡莱特,20
301392,汇成真空,20
301393,昊帆生物,20
301395,仁信新材,20
301396,宏景科技,20
301397,溯联股份,20
301398,星源卓镁,20
301399,英特科技,20
301408,华人健康,20
301413,安培龙,20
301418,协昌科技,20
301419,阿莱德,20
301421,波长光电,20
301428,世纪恒通,20
301429,森泰股份,20
301439,泓淋电力,20
301446,福事特,20
301448,开创电气,20
301449,天溯计量,20
301456,盘古智能,20
301458,钧崴电子,20
301459,丰茂股份,20
301468,博盈特焊,20
301469,恒达新材,20
301479,弘景光电,20
301486,致尚科技,20
301487,盟固利,20
301488,豪恩汽电,20
301489,思泉新材,20
301491,汉桑科技,20
301498,乖宝宠物,20
301499,维科精密,20
301500,飞南资源,20
301501,恒鑫生活,20
301502,华阳智能,20
301503,智迪科技,20
301505,苏州规划,20
301507,民生健康,20
301508,中机认检,20
301509,金凯生科,20
301510,固高科技,20
301511,德福科技,20
301512,智信精密,20
301513,尚水智能,20
301515,港通医疗,20
301516,中远通,20
301517,陕西华达,20
301518,长华化学,20
301519,舜禹股份,20
301520,万邦医药,20
301522,上大股份,20
301525,儒竞科技,20
301526,国际复材,20
301528,多浦乐,20
301529,福赛科技,20
301531,春光集团,20
301533,威马农机,20
301535,浙江华远,20
301536,星宸科技,20
301538,骏鼎达,20
301539,宏鑫科技,20
301548,崇德科技,20
301550,斯菱智驱,20
301551,无线传媒,20
301552,科力装备,20
301555,惠柏新材,20
301556,托普云农,20
301557,常友科技,20
301558,三态股份,20
301559,中集环科,20
301560,众捷汽车,20
301563,云汉芯城,20
301565,中仑新材,20
301566,达利凯普,20
301567,贝隆精密,20
301568,思泰克,20
301571,国科天成,20
301575,艾芬达,20
301577,美信科技,20
301578,辰奕智能,20
301580,爱迪特,20
301581,黄山谷捷,20
301583,托伦斯,20
301584,建发致新,20
301585,蓝宇股份,20
301586,佳力奇,20
301587,中瑞股份,20
301588,美新科技,20
301589,诺瓦星云,20
301590,优优绿能,20
301591,肯特股份,20
301592,六九一二,20
301595,太力科技,20
301596,瑞迪智驱,20
301598,博科测试,20
301599,理奇智能,20
301600,慧翰股份,20
301601,惠通科技,20
301602,超研股份,20
301603,乔锋智能,20
301606,绿联科技,20
301607,富特科技,20
301608,博实结,20
301609,山大电力,20
301611,珂玛科技,20
301613,新铝时代,20
301616,浙江华业,20
301617,博苑新材,20
301618,长联科技,20
301622,英思特,20
301626,苏州天脉,20
301628,强达电路,20
301629,矽电股份,20
301630,同宇新材,20
301631,壹连科技,20
301632,广东建科,20
301633,港迪技术,20
301636,泽润新能,20
301638,南网数字,20
301656,联合动力,20
301658,首航新能,20
301662,宏工科技,20
301665,泰禾股份,20
301666,大普微-UW,20
301667,纳百川,20
301668,昊创瑞通,20
301669,高特电子,20
301678,新恒汇,20
301680,固德电材,20
301682,宏明电子,20
301683,慧谷新材,20
301687,新广益,20
301696,三瑞智能,20
302132,中航成飞,20
600000,浦发银行,10
600001,邯郸钢铁,10
600002,齐鲁石化,10
600003,ST东北高,10
600004,白云机场,10
600005,武钢股份,10
600006,东风股份,10
600007,XD中国国,10
600008,首创环保,10
600009,上海机场,10
600010,包钢股份,10
600011,华能国际,10
600012,皖通高速,10
600015,华夏银行,10
600016,民生银行,10
600017,日照港,10
600018,上港集团,10
600019,宝钢股份,10
600020,中原高速,10
600021,XD上海电,10
600022,山东钢铁,10
600023,浙能电力,10
600025,华能水电,10
600026,中远海能,10
600027,XD华电国,10
600028,中国石化,10
600029,南方航空,10
600030,中信证券,10
600031,三一重工,10
600032,浙江新能,10
600033,福建高速,10
600035,XD楚天高,10
600036,招商银行,10
600037,歌华有线,10
600038,中直股份,10
600039,四川路桥,10
600048,保利发展,10
600050,XD中国联,10
600051,宁波联合,10
600052,东望时代,10
600053,*ST九鼎,10
600054,黄山旅游,10
600055,万东医疗,10
600056,XD中国医,10
600057,厦门象屿,10
600058,五矿发展,10
600059,古越龙山,10
600060,海信视像,10
600061,国投资本,10
600062,华润双鹤,10
600063,皖维高新,10
600064,南京高科,10
600065,*ST联谊,10
600066,宇通客车,10
600067,冠城新材,10
600068,葛洲坝,10
600069,退市银鸽,10
600070,*ST富润,10
600071,凤凰光学,10
600072,中船科技,10
600073,光明肉业,10
600074,退市保千,10
600075,新疆天业,10
600076,康欣新材,10
600077,*ST宋都,10
600078,澄星股份,10
600079,ST人福,10
600080,ST金花,10
600081,东风科技,10
600082,ST海泰,10
600083,*ST博信,10
600084,*ST尼雅,10
600085,同仁堂,10
600086,退市金钰,10
600087,退市长油,10
600088,中视传媒,10
600089,特变电工,10
600090,退市济堂,10
600091,退市明科,10
600092,S*ST精密,10
600093,退市易见,10
600094,大名城,10
600095,湘财股份,10
600096,云天化,10
600097,开创国际,10
600098,XD广州发,10
600099,林海股份,10
600100,同方股份,10
600101,明星电力,10
600102,莱钢股份,10
600103,青山纸业,10
600104,上汽集团,10
600105,永鼎股份,10
600106,重庆路桥,10
600107,*ST尔雅,10
600108,亚盛集团,10
600109,国金证券,10
600110,诺德股份,10
600111,北方稀土,10
600112,*ST天成,10
600113,浙江东日,10
600114,东睦股份,10
600115,中国东航,10
600116,三峡水利,10
600117,西宁特钢,10
600118,中国卫星,10
600119,*ST长投,10
600120,浙江东方,10
600121,郑州煤电,10
600122,*ST宏图,10
600123,兰花科创,10
600125,铁龙物流,10
600126,杭钢股份,10
600127,金健米业,10
600128,XD苏豪弘,10
600129,太极集团,10
600130,波导股份,10
600131,国网信通,10
600132,重庆啤酒,10
600133,东湖高新,10
600135,乐凯胶片,10
600136,ST明诚,10
600137,浪莎股份,10
600138,中青旅,10
600139,*ST西源,10
600141,兴发集团,10
600143,金发科技,10
600145,退市新亿,10
600146,退市环球,10
600148,长春一东,10
600149,廊坊发展,10
600150,中国船舶,10
600151,航天机电,10
600152,维科技术,10
600153,建发股份,10
600155,华创云信,10
600156,华升股份,10
600157,永泰能源,10
600158,中体产业,10
600159,大龙地产,10
600160,巨化股份,10
600161,天坛生物,10
600162,香江控股,10
600163,中闽能源,10
600165,ST宁科,10
600166,福田汽车,10
600167,联美控股,10
600168,XD武汉控,10
600169,ST太重,10
600170,上海建工,10
600171,上海贝岭,10
600172,黄河旋风,10
600173,卧龙新能,10
600175,退市美都,10
600176,中国巨石,10
600177,雅戈尔,10
600178,东安动力,10
600179,安通控股,10
600180,*ST瑞茂,10
600181,S*ST云大,10
600182,S佳通,10
600183,生益科技,10
600184,光电股份,10
600185,珠免集团,10
600186,莲花控股,10
600187,*ST国中,10
600188,兖矿能源,10
600189,泉阳泉,10
600190,退市锦港,10
600191,华资实业,10
600192,长城电工,10
600193,退市创兴,10
600195,中牧股份,10
600196,复星医药,10
600197,伊力特,10
600198,大唐电信,10
600199,金种子酒,10
600200,退市苏吴,10
600201,生物股份,10
600202,哈空调,10
600203,福日电子,10
600205,S山东铝,10
600206,有研新材,10
600207,安彩高科,10
600208,衢州发展,10
600209,退市罗顿,10
600210,紫江企业,10
600211,西藏药业,10
600212,绿能慧充,10
600213,*ST亚星,10
600215,派斯林,10
600216,浙江医药,10
600217,中再资环,10
600218,全柴动力,10
600219,南山铝业,10
600220,ST阳光,10
600221,海航控股,10
600222,太龙药业,10
600223,福瑞达,10
600225,退市卓朗,10
600226,亨通股份,10
600227,赤天化,10
600228,返利科技,10
600229,城市传媒,10
600230,沧州大化,10
600231,凌钢股份,10
600232,金鹰股份,10
600233,圆通速递,10
600234,科新发展,10
600235,民丰特纸,10
600236,桂冠电力,10
600237,铜峰电子,10
600238,*ST椰岛,10
600239,ST云城,10
600240,退市华业,10
600241,时代万恒,10
600242,退市中昌,10
600243,*ST海华,10
600246,万通发展,10
600247,*ST成城,10
600248,陕建股份,10
600249,两面针,10
600250,南京商旅,10
600251,冠农股份,10
600252,中恒集团,10
600253,天方药业,10
600255,鑫科材料,10
600256,广汇能源,10
600257,大湖股份,10
600258,首旅酒店,10
600259,中稀有色,10
600260,*ST凯乐,10
600261,阳光照明,10
600262,北方股份,10
600263,路桥建设,10
600265,*ST景谷,10
600266,城建发展,10
600267,海正药业,10
600268,国电南自,10
600269,赣粤高速,10
600270,外运发展,10
600271,航天信息,10
600272,开开实业,10
600273,嘉化能源,10
600275,退市昌鱼,10
600276,恒瑞医药,10
600277,ST亿利,10
600278,东方创业,10
600279,重庆港,10
600280,中央商场,10
600281,华阳新材,10
600282,南钢股份,10
600283,钱江水利,10
600284,浦东建设,10
600285,羚锐制药,10
600286,S*ST国瓷,10
600287,苏豪时尚,10
600288,大恒科技,10
600289,ST信通,10
600290,*ST华仪,10
600291,退市西水,10
600292,电投水电,10
600293,三峡新材,10
600295,鄂尔多斯,10
600296,S兰铝,10
600297,广汇汽车,10
600298,安琪酵母,10
600299,安迪苏,10
600300,维维股份,10
600301,华锡有色,10
600302,ST标准,10
600303,曙光股份,10
600305,恒顺醋业,10
600306,退市商城,10
600307,酒钢宏兴,10
600308,华泰股份,10
600309,万华化学,10
600310,广西能源,10
600311,*ST荣华,10
600312,平高电气,10
600313,农发种业,10
600315,上海家化,10
600316,XD洪都航,10
600317,营口港,10
600318,新力金融,10
600319,亚星化学,10
600320,振华重工,10
600321,正源股份,10
600322,津投城开,10
600323,瀚蓝环境,10
600325,华发股份,10
600326,西藏天路,10
600327,大东方,10
600328,中盐化工,10
600329,达仁堂,10
600330,天通股份,10
600331,宏达股份,10
600332,白云山,10
600333,长春燃气,10
600335,国机汽车,10
600336,澳柯玛,10
600337,ST美克,10
600338,西藏珠峰,10
600339,中油工程,10
600340,*ST华幸,10
600343,航天动力,10
600345,长江通信,10
600346,恒力石化,10
600348,华阳股份,10
600350,山东高速,10
600351,亚宝药业,10
600352,浙江龙盛,10
600353,旭光电子,10
600354,敦煌种业,10
600355,*ST精伦,10
600356,XD恒丰纸,10
600357,承德钒钛,10
600358,国旅联合,10
600359,新农开发,10
600360,华微电子,10
600361,创新新材,10
600362,江西铜业,10
600363,联创光电,10
600365,ST通葡,10
600366,宁波韵升,10
600367,红星发展,10
600368,五洲交通,10
600369,西南证券,10
600370,*ST三房,10
600371,万向德农,10
600372,中航机载,10
600373,中文传媒,10
600375,汉马科技,10
600376,首开股份,10
600377,宁沪高速,10
600378,昊华科技,10
600379,宝光股份,10
600380,XD健康元,10
600381,*ST春天,10
600382,广东明珠,10
600383,金地集团,10
600385,退市金泰,10
600386,北巴传媒,10
600387,退市海越,10
600388,龙净环保,10
600389,江山股份,10
600390,XD五矿资,10
600391,航发科技,10
600392,盛和资源,10
600393,ST粤泰,10
600395,盘江股份,10
600396,华电辽能,10
600397,江钨装备,10
600398,海澜之家,10
600399,抚顺特钢,10
600400,红豆股份,10
600401,退市海润,10
600403,大有能源,10
600405,动力源,10
600406,国电南瑞,10
600408,安泰集团,10
600409,XD三友化,10
600410,华胜天成,10
600415,小商品城,10
600416,湘电股份,10
600418,江淮汽车,10
600419,天润乳业,10
600420,国药现代,10
600421,退市华嵘,10
600422,昆药集团,10
600423,*ST柳化,10
600425,青松建化,10
600426,华鲁恒升,10
600428,中远海特,10
600429,三元股份,10
600432,退市吉恩,10
600433,冠豪高新,10
600435,北方导航,10
600436,片仔癀,10
600438,通威股份,10
600439,瑞贝卡,10
600444,国机通用,10
600446,金证股份,10
600448,华纺股份,10
600449,宁夏建材,10
600452,涪陵电力,10
600455,博通股份,10
600456,宝钛股份,10
600458,时代新材,10
600459,XD贵研铂,10
600460,士兰微,10
600461,洪城环境,10
600462,退市九有,10
600463,空港股份,10
600466,*ST蓝光,10
600467,好当家,10
600468,百利电气,10
600469,风神股份,10
600470,六国化工,10
600472,包头铝业,10
600475,华光环能,10
600476,*ST湘邮,10
600477,杭萧钢构,10
600478,科力远,10
600479,千金药业,10
600480,凌云股份,10
600481,双良节能,10
600482,中国动力,10
600483,福能股份,10
600485,*ST信威,10
600486,扬农化工,10
600487,亨通光电,10
600488,津药药业,10
600489,中金黄金,10
600490,鹏欣资源,10
600491,ST龙元,10
600493,凤竹纺织,10
600495,晋西车轴,10
600496,精工钢构,10
600497,驰宏锌锗,10
600498,烽火通信,10
600499,科达制造,10
600500,中化国际,10
600501,航天晨光,10
600502,安徽建工,10
600503,华丽家族,10
600505,西昌电力,10
600506,统一股份,10
600507,方大特钢,10
600508,上海能源,10
600509,天富能源,10
600510,黑牡丹,10
600511,国药股份,10
600512,腾达建设,10
600513,联环药业,10
600515,海南机场,10
600516,XD方大炭,10
600517,国网英大,10
600518,康美药业,10
600519,XD贵州茅,10
600520,三佳科技,10
600521,华海药业,10
600522,中天科技,10
600523,贵航股份,10
600525,ST长园,10
600526,菲达环保,10
600527,江南高纤,10
600528,中铁工业,10
600529,山东药玻,10
600530,交大昂立,10
600531,豫光金铅,10
600532,退市未来,10
600533,栖霞建设,10
600535,天士力,10
600536,中国软件,10
600537,*ST亿晶,10
600538,国发股份,10
600539,狮头股份,10
600540,新赛股份,10
600543,*ST莫高,10
600545,卓郎智能,10
600546,山煤国际,10
600547,山东黄金,10
600548,深高速,10
600549,厦门钨业,10
600550,保变电气,10
600551,时代出版,10
600552,凯盛科技,10
600553,太行水泥,10
600555,退市海创,10
600556,天下秀,10
600557,康缘药业,10
600558,大西洋,10
600559,XD老白干,10
600560,金自天正,10
600561,江西长运,10
600562,国睿科技,10
600563,法拉电子,10
600565,ST迪马,10
600566,济川药业,10
600567,山鹰国际,10
600568,ST中珠,10
600569,安阳钢铁,10
600570,恒生电子,10
600571,信雅达,10
600572,康恩贝,10
600573,XD惠泉啤,10
600575,淮河能源,10
600576,祥源文旅,10
600577,精达股份,10
600578,京能电力,10
600579,中化装备,10
600580,卧龙电驱,10
600581,*ST八钢,10
600582,天地科技,10
600583,海油工程,10
600584,长电科技,10
600585,海螺水泥,10
600586,金晶科技,10
600587,新华医疗,10
600588,用友网络,10
600589,大位科技,10
600590,泰豪科技,10
600591,*ST上航,10
600592,龙溪股份,10
600593,大连圣亚,10
600594,益佰制药,10
600595,中孚实业,10
600596,新安股份,10
600597,光明乳业,10
600598,北大荒,10
600599,退市熊猫,10
600600,青岛啤酒,10
600601,方正科技,10
600602,云赛智联,10
600603,广汇物流,10
600604,市北高新,10
600605,汇通能源,10
600606,绿地控股,10
600607,上实医药,10
600608,退市沪科,10
600609,金杯汽车,10
600610,中毅达,10
600611,大众交通,10
600612,老凤祥,10
600613,神奇制药,10
600614,退市鹏起,10
600615,鑫源智造,10
600616,金枫酒业,10
600617,国新能源,10
600618,氯碱化工,10
600619,海立股份,10
600620,天宸股份,10
600621,华鑫股份,10
600622,光大嘉宝,10
600623,华谊集团,10
600624,ST复华,10
600625,PT水仙,10
600626,申达股份,10
600627,上电股份,10
600628,新世界,10
600629,华建集团,10
600630,龙头股份,10
600631,百联股份,10
600632,华联商厦,10
600633,浙数文化,10
600634,退市富控,10
600635,大众公用,10
600636,退市国化,10
600637,东方明珠,10
600638,新黄浦,10
600639,浦东金桥,10
600640,国脉文化,10
600641,先导基电,10
600642,申能股份,10
600643,爱建集团,10
600644,XD乐山电,10
600645,中源协和,10
600646,ST国嘉,10
600647,退市同达,10
600648,外高桥,10
600649,城投控股,10
600650,锦江在线,10
600651,飞乐音响,10
600652,退市游久,10
600653,申华控股,10
600654,中安科,10
600655,豫园股份,10
600656,退市博元,10
600657,信达地产,10
600658,电子城,10
600659,*ST花雕,10
600660,福耀玻璃,10
600661,昂立教育,10
600662,外服控股,10
600663,陆家嘴,10
600664,哈药股份,10
600665,天地源,10
600666,奥瑞德,10
600667,太极实业,10
600668,尖峰集团,10
600669,*ST鞍成,10
600670,*ST斯达,10
600671,天目药业,10
600672,*ST华圣,10
600673,东阳光,10
600674,川投能源,10
600675,中华企业,10
600676,交运股份,10
600677,*ST航通,10
600678,ST金顶,10
600679,上海凤凰,10
600680,*ST上普,10
600681,百川能源,10
600682,南京新百,10
600683,京投发展,10
600684,珠江股份,10
600685,中船防务,10
600686,金龙汽车,10
600687,退市刚泰,10
600688,上海石化,10
600689,上海三毛,10
600690,海尔智家,10
600691,潞化科技,10
600692,亚通股份,10
600693,东百集团,10
600694,大商股份,10
600695,退市绿庭,10
600696,退市岩石,10
600697,欧亚集团,10
600698,湖南天雁,10
600699,均胜电子,10
600700,*ST数码,10
600701,退市工新,10
600702,舍得酒业,10
600703,三安光电,10
600704,物产中大,10
600705,中航产融,10
600706,曲江文旅,10
600707,彩虹股份,10
600708,光明地产,10
600709,ST生态,10
600710,苏美达,10
600711,盛屯矿业,10
600712,南宁百货,10
600713,南京医药,10
600714,金瑞矿业,10
600715,文投控股,10
600716,凤凰股份,10
600717,天津港,10
600718,东软集团,10
600719,大连热电,10
600720,中交设计,10
600721,百花医药,10
600722,金牛化工,10
600723,首商股份,10
600724,宁波富达,10
600725,云维股份,10
600726,华电能源,10
600727,鲁北化工,10
600728,佳都科技,10
600729,重百集团,10
600730,*ST高科,10
600731,湖南海利,10
600732,爱旭股份,10
600733,北汽蓝谷,10
600734,*ST实达,10
600735,ST新华锦,10
600736,苏州高新,10
600737,中粮糖业,10
600738,丽尚国潮,10
600739,辽宁成大,10
600740,山西焦化,10
600741,华域汽车,10
600742,富维股份,10
600743,华远控股,10
600744,华银电力,10
600745,*ST闻泰,10
600746,江苏索普,10
600747,退市大控,10
600748,上实发展,10
600749,西藏旅游,10
600750,华润江中,10
600751,海航科技,10
600752,*ST哈慈,10
600753,ST海钦,10
600754,锦江酒店,10
600755,厦门国贸,10
600756,浪潮软件,10
600757,长江传媒,10
600758,辽宁能源,10
600759,ST洲际,10
600760,中航沈飞,10
600761,安徽合力,10
600762,S*ST金荔,10
600763,通策医疗,10
600764,中国海防,10
600765,中航重机,10
600766,退市园城,10
600767,退市运盛,10
600768,宁波富邦,10
600769,祥龙电业,10
600770,综艺股份,10
600771,广誉远,10
600772,S*ST龙昌,10
600773,西藏城投,10
600774,汉商集团,10
600775,南京熊猫,10
600776,东方通信,10
600777,新潮能源,10
600778,友好集团,10
600779,水井坊,10
600780,通宝能源,10
600781,退市辅仁,10
600782,新钢股份,10
600783,XD鲁信创,10
600784,鲁银投资,10
600785,新华百货,10
600786,东方锅炉,10
600787,中储股份,10
600788,*ST达曼,10
600789,鲁抗医药,10
600790,轻纺城,10
600791,京能置业,10
600792,云煤能源,10
600793,宜宾纸业,10
600794,保税科技,10
600795,国电电力,10
600796,钱江生化,10
600797,浙大网新,10
600798,宁波海运,10
600799,*ST龙科,10
600800,渤海化学,10
600801,华新建材,10
600802,福建水泥,10
600803,新奥股份,10
600804,退市鹏博,10
600805,悦达投资,10
600806,退市昆机,10
600807,济高发展,10
600808,马钢股份,10
600809,山西汾酒,10
600810,神马股份,10
600811,*ST东方,10
600812,华北制药,10
600813,ST鞍一工,10
600814,杭州解百,10
600815,厦工股份,10
600816,建元信托,10
600817,宇通重工,10
600818,ST中路,10
600819,耀皮玻璃,10
600820,隧道股份,10
600821,金开新能,10
600822,上海物贸,10
600823,*ST世茂,10
600824,益民集团,10
600825,新华传媒,10
600826,兰生股份,10
600827,百联股份,10
600828,茂业商业,10
600829,人民同泰,10
600830,香溢融通,10
600831,广电网络,10
600832,东方明珠,10
600833,XD第一医,10
600834,申通地铁,10
600835,上海机电,10
600836,*ST易连,10
600837,海通证券,10
600838,上海九百,10
600839,四川长虹,10
600840,新湖创业,10
600841,动力新科,10
600842,中西药业,10
600843,上工申贝,10
600844,金煤科技,10
600845,宝信软件,10
600846,同济科技,10
600847,万里股份,10
600848,上海临港,10
600849,上药转换,10
600850,DR电科数,10
600851,海欣股份,10
600852,*ST中川,10
600853,龙建股份,10
600854,春兰股份,10
600855,航天长峰,10
600856,退市中天,10
600857,宁波中百,10
600858,银座股份,10
600859,王府井,10
600860,京城股份,10
600861,北京人力,10
600862,中航高科,10
600863,华能蒙电,10
600864,哈投股份,10
600865,百大集团,10
600866,星湖科技,10
600867,通化东宝,10
600868,梅雁吉祥,10
600869,远东股份,10
600870,退市厦华,10
600871,石化油服,10
600872,中炬高新,10
600873,梅花生物,10
600874,创业环保,10
600875,东方电气,10
600876,凯盛新能,10
600877,电科芯片,10
600878,*ST北科,10
600879,航天电子,10
600880,博瑞传播,10
600881,亚泰集团,10
600882,妙可蓝多,10
600883,XD博闻科,10
600884,杉杉股份,10
600885,宏发股份,10
600886,国投电力,10
600887,伊利股份,10
600888,新疆众和,10
600889,*ST京化,10
600890,退市中房,10
600891,退市秋林,10
600892,*ST大晟,10
600893,航发动力,10
600894,XD广日股,10
600895,张江高科,10
600896,退市海医,10
600897,厦门空港,10
600898,*ST美讯,10
600899,*ST信联,10
600900,长江电力,10
600901,江苏金租,10
600903,贵州燃气,10
600905,三峡能源,10
600906,财达证券,10
600908,无锡银行,10
600909,华安证券,10
600916,中国黄金,10
600917,XD重庆燃,10
600918,中泰证券,10
600919,江苏银行,10
600925,苏能股份,10
600926,杭州银行,10
600927,永安期货,10
600928,西安银行,10
600929,雪天盐业,10
600930,华电新能,10
600933,爱柯迪,10
600935,华塑股份,10
600936,北投科技,10
600938,中国海油,10
600939,重庆建工,10
600941,中国移动,10
600955,维远股份,10
600956,新天绿能,10
600958,东方证券,10
600959,江苏有线,10
600960,渤海汽车,10
600961,株冶集团,10
600962,国投中鲁,10
600963,岳阳林纸,10
600965,*ST福成,10
600966,博汇纸业,10
600967,内蒙一机,10
600968,海油发展,10
600969,郴电国际,10
600970,中材国际,10
600971,恒源煤电,10
600973,宝胜股份,10
600975,新五丰,10
600976,健民集团,10
600977,中国电影,10
600978,*ST宜生,10
600979,广安爱众,10
600980,北矿科技,10
600981,苏豪汇鸿,10
600982,宁波能源,10
600983,惠而浦,10
600984,建设机械,10
600985,淮北矿业,10
600986,浙文互联,10
600987,航民股份,10
600988,赤峰黄金,10
600989,宝丰能源,10
600990,四创电子,10
600991,广汽长丰,10
600992,贵绳股份,10
600993,马应龙,10
600995,南网储能,10
600996,贵广网络,10
600997,开滦股份,10
600998,九州通,10
600999,招商证券,10
601000,唐山港,10
601001,晋控煤业,10
601002,晋亿实业,10
601003,柳钢股份,10
601005,重庆钢铁,10
601006,大秦铁路,10
601007,金陵饭店,10
601008,连云港,10
601009,南京银行,10
601010,ST文峰,10
601011,宝泰隆,10
601012,隆基绿能,10
601015,陕西黑猫,10
601016,节能风电,10
601018,宁波港,10
601019,XD山东出,10
601020,华钰矿业,10
601021,春秋航空,10
601022,宁波远洋,10
601026,道生天合,10
601028,玉龙股份,10
601033,永兴股份,10
601038,一拖股份,10
601058,赛轮轮胎,10
601059,信达证券,10
601061,中信金属,10
601065,江盐集团,10
601066,中信建投,10
601068,中铝国际,10
601069,西部黄金,10
601077,渝农商行,10
601083,锦江航运,10
601086,国芳集团,10
601088,中国神华,10
601089,福元医药,10
601096,宏盛华源,10
601098,中南传媒,10
601099,太平洋,10
601100,恒立液压,10
601101,昊华能源,10
601106,中国一重,10
601107,四川成渝,10
601108,财通证券,10
601111,中国国航,10
601112,振石股份,10
601113,华鼎股份,10
601116,三江购物,10
601117,中国化学,10
601118,海南橡胶,10
601121,宝地矿业,10
601126,四方股份,10
601127,赛力斯,10
601128,常熟银行,10
601133,柏诚股份,10
601136,首创证券,10
601137,博威合金,10
601138,工业富联,10
601139,深圳燃气,10
601155,新城控股,10
601156,东航物流,10
601158,重庆水务,10
601162,天风证券,10
601163,三角轮胎,10
601166,兴业银行,10
601168,西部矿业,10
601169,北京银行,10
601177,杭齿前进,10
601179,中国西电,10
601186,中国铁建,10
601187,XD厦门银,10
601188,龙江交通,10
601198,东兴证券,10
601199,江南水务,10
601200,上海环境,10
601208,东材科技,10
601211,XD国泰海,10
601212,白银有色,10
601216,君正集团,10
601218,吉鑫科技,10
601222,林洋能源,10
601225,XD陕西煤,10
601226,华电科工,10
601228,广州港,10
601229,上海银行,10
601231,环旭电子,10
601233,桐昆股份,10
601236,红塔证券,10
601238,广汽集团,10
601258,*ST庞大,10
601268,*ST二重,10
601279,英利汽车,10
601288,农业银行,10
601298,青岛港,10
601299,中国北车,10
601311,骆驼股份,10
601318,中国平安,10
601319,中国人保,10
601326,秦港股份,10
601328,交通银行,10
601330,绿色动力,10
601333,XD广深铁,10
601336,新华保险,10
601339,百隆东方,10
601360,三六零,10
601366,利群股份,10
601368,绿城水务,10
601369,陕鼓动力,10
601375,中原证券,10
601377,兴业证券,10
601388,怡球资源,10
601390,中国中铁,10
601398,工商银行,10
601399,国机重装,10
601456,国联民生,10
601500,通用股份,10
601512,中新集团,10
601515,衢州东峰,10
601518,吉林高速,10
601519,大智慧,10
601528,瑞丰银行,10
601555,东吴证券,10
601558,退市锐电,10
601566,九牧王,10
601567,三星电气,10
601568,北元化工,10
601577,长沙银行,10
601579,会稽山,10
601588,北辰实业,10
601595,上海电影,10
601598,中国外运,10
601599,浙文影业,10
601600,中国铝业,10
601601,中国太保,10
601606,长城军工,10
601607,上海医药,10
601608,中信重工,10
601609,金田股份,10
601611,中国核建,10
601615,明阳智能,10
601616,广电电气,10
601618,中国中冶,10
601619,嘉泽新能,10
601628,中国人寿,10
601633,长城汽车,10
601636,旗滨集团,10
601658,邮储银行,10
601665,齐鲁银行,10
601666,平煤股份,10
601668,中国建筑,10
601669,中国电建,10
601677,明泰铝业,10
601678,滨化股份,10
601686,友发集团,10
601688,华泰证券,10
601689,拓普集团,10
601696,中银证券,10
601698,中国卫通,10
601699,潞安环能,10
601700,风范股份,10
601702,华峰铝业,10
601717,中创智领,10
601718,ST际华,10
601727,上海电气,10
601728,中国电信,10
601766,中国中车,10
601777,千里科技,10
601778,晶科科技,10
601788,光大证券,10
601789,宁波建工,10
601798,蓝科高新,10
601799,星宇股份,10
601800,中国交建,10
601801,皖新传媒,10
601808,中海油服,10
601811,新华文轩,10
601816,京沪高铁,10
601818,光大银行,10
601825,沪农商行,10
601827,三峰环境,10
601828,美凯龙,10
601838,成都银行,10
601857,XD中国石,10
601858,中国科传,10
601860,紫金银行,10
601865,福莱特,10
601866,中远海发,10
601868,中国能建,10
601869,长飞光纤,10
601872,招商轮船,10
601877,正泰电器,10
601878,浙商证券,10
601880,辽港股份,10
601881,中国银河,10
601882,海天精工,10
601886,江河集团,10
601888,中国中免,10
601890,亚星锚链,10
601898,中煤能源,10
601899,XD紫金矿,10
601900,南方传媒,10
601901,方正证券,10
601908,京运通,10
601916,XD浙商银,10
601918,新集能源,10
601919,XD中远海,10
601921,浙版传媒,10
601928,凤凰传媒,10
601929,吉视传媒,10
601933,永辉超市,10
601939,建设银行,10
601949,中国出版,10
601952,苏垦农发,10
601956,东贝集团,10
601958,金钼股份,10
601963,重庆银行,10
601965,中国汽研,10
601966,玲珑轮胎,10
601968,宝钢包装,10
601969,海南矿业,10
601975,招商南油,10
601985,中国核电,10
601988,中国银行,10
601989,中国重工,10
601990,南京证券,10
601991,大唐发电,10
601992,金隅集团,10
601995,中金公司,10
601996,丰林集团,10
601997,贵阳银行,10
601998,中信银行,10
601999,出版传媒,10
603000,人民网,10
603001,奥康国际,10
603002,宏昌电子,10
603003,退市龙宇,10
603004,鼎龙科技,10
603005,晶方科技,10
603006,联明股份,10
603007,顺景科技,10
603008,ST喜临门,10
603009,北特科技,10
603010,万盛股份,10
603011,合锻智能,10
603012,创力集团,10
603013,亚普股份,10
603014,威高血净,10
603015,弘讯科技,10
603016,新宏泰,10
603017,中衡设计,10
603018,华设集团,10
603019,中科曙光,10
603020,爱普股份,10
603021,*ST华鹏,10
603022,新通联,10
603023,威帝股份,10
603025,大豪科技,10
603026,石大胜华,10
603027,千禾味业,10
603028,赛福天,10
603029,天鹅股份,10
603030,全筑股份,10
603031,安孚科技,10
603032,德新科技,10
603033,三维股份,10
603035,常熟汽饰,10
603036,如通股份,10
603037,凯众股份,10
603038,华立股份,10
603039,泛微网络,10
603040,新坐标,10
603041,美思德,10
603042,华脉科技,10
603043,广州酒家,10
603045,福达合金,10
603048,浙江黎明,10
603049,中策橡胶,10
603050,科林电气,10
603051,鹿山新材,10
603052,可川科技,10
603053,成都燃气,10
603055,台华新材,10
603056,德邦股份,10
603057,紫燕食品,10
603058,永吉股份,10
603059,倍加洁,10
603060,国检集团,10
603061,金海通,10
603062,麦加芯彩,10
603063,禾望电气,10
603065,宿迁联盛,10
603066,音飞储存,10
603067,振华股份,10
603068,博通集成,10
603069,海汽集团,10
603070,万控智造,10
603071,物产环能,10
603072,天和磁材,10
603073,彩蝶实业,10
603075,热威股份,10
603076,乐惠国际,10
603077,和邦生物,10
603078,江化微,10
603079,圣达生物,10
603080,新疆火炬,10
603081,大丰实业,10
603082,XD北自科,10
603083,剑桥科技,10
603085,天成自控,10
603086,先达股份,10
603087,甘李药业,10
603088,宁波精达,10
603089,正裕工业,10
603090,宏盛股份,10
603091,众鑫股份,10
603092,德力佳,10
603093,南华期货,10
603095,越剑智能,10
603096,新经典,10
603097,江苏华辰,10
603098,森特股份,10
603099,长白山,10
603100,川仪股份,10
603101,汇嘉时代,10
603102,百合股份,10
603103,横店影视,10
603105,芯能科技,10
603106,恒银科技,10
603107,上海汽配,10
603108,润达医疗,10
603109,神驰机电,10
603110,东方材料,10
603111,康尼机电,10
603112,华翔股份,10
603113,金能科技,10
603115,海星股份,10
603116,红蜻蜓,10
603117,万林物流,10
603118,共进股份,10
603119,浙江荣泰,10
603120,肯特催化,10
603121,华培动力,10
603122,合富中国,10
603123,翠微股份,10
603124,江南新材,10
603125,常青科技,10
603126,中材节能,10
603127,昭衍新药,10
603128,华贸物流,10
603129,春风动力,10
603130,云中马,10
603131,上海沪工,10
603132,金徽股份,10
603133,退市碳元,10
603135,中重科技,10
603136,天目湖,10
603137,恒尚节能,10
603138,海量数据,10
603139,康惠股份,10
603150,万朗磁塑,10
603151,邦基科技,10
603153,上海建科,10
603155,新亚强,10
603156,养元饮品,10
603157,退市拉夏,10
603158,腾龙股份,10
603159,上海亚虹,10
603160,汇顶科技,10
603161,科华控股,10
603162,海通发展,10
603163,圣晖集成,10
603165,荣晟环保,10
603166,福达股份,10
603167,渤海轮渡,10
603168,莎普爱思,10
603169,兰石重装,10
603170,宝立食品,10
603171,税友股份,10
603172,万丰股份,10
603173,福斯达,10
603175,超颖电子,10
603176,汇通集团,10
603177,德创环保,10
603178,圣龙股份,10
603179,新泉股份,10
603180,XD金牌家,10
603181,皇马科技,10
603182,嘉华股份,10
603183,建研院,10
603185,弘元绿能,10
603186,华正新材,10
603187,海容冷链,10
603188,亚邦股份,10
603189,*ST网达,10
603190,亚通精工,10
603191,望变电气,10
603192,汇得科技,10
603193,润本股份,10
603194,中力股份,10
603195,公牛集团,10
603196,璞源材料,10
603197,保隆科技,10
603198,迎驾贡酒,10
603199,九华旅游,10
603200,上海洗霸,10
603201,常润股份,10
603202,天有为,10
603203,快克智能,10
603205,健尔康,10
603206,嘉环科技,10
603207,小方制药,10
603208,江山欧派,10
603209,兴通股份,10
603210,泰鸿万立,10
603211,晋拓股份,10
603212,赛伍技术,10
603213,镇洋发展,10
603214,爱婴室,10
603215,比依股份,10
603216,梦天家居,10
603217,元利科技,10
603218,日月股份,10
603219,富佳股份,10
603220,中贝通信,10
603221,爱丽家居,10
603222,济民健康,10
603223,恒通股份,10
603225,新凤鸣,10
603226,菲林格尔,10
603227,雪峰科技,10
603228,景旺电子,10
603229,奥翔药业,10
603230,内蒙新华,10
603231,XD索宝蛋,10
603232,格尔软件,10
603233,XD大参林,10
603235,天新药业,10
603236,移远通信,10
603237,五芳斋,10
603238,诺邦股份,10
603239,浙江仙通,10
603248,锡华科技,10
603255,鼎际得,10
603256,宏和科技,10
603257,中国瑞林,10
603258,电魂网络,10
603259,药明康德,10
603260,合盛硅业,10
603261,立航科技,10
603262,技源集团,10
603266,天龙股份,10
603267,鸿远电子,10
603268,松发股份,10
603269,海鸥股份,10
603270,金帝股份,10
603271,永杰新材,10
603272,*ST联翔,10
603273,天元智能,10
603275,众辰科技,10
603276,恒兴新材,10
603277,银都股份,10
603278,大业股份,10
603279,景津装备,10
603280,南方路机,10
603281,江瀚新材,10
603282,亚光股份,10
603283,赛腾股份,10
603284,XD林平发,10
603285,键邦股份,10
603286,日盈电子,10
603288,海天味业,10
603289,泰瑞机器,10
603290,斯达半导,10
603291,联合水务,10
603293,埃泰克,10
603296,华勤技术,10
603297,永新光学,10
603298,杭叉集团,10
603299,苏盐井神,10
603300,海南华铁,10
603301,振德医疗,10
603303,得邦照明,10
603305,旭升集团,10
603306,华懋科技,10
603307,扬州金泉,10
603308,应流股份,10
603309,维力医疗,10
603310,巍华新材,10
603311,金海高科,10
603312,西典新能,10
603313,梦百合,10
603315,福鞍股份,10
603316,诚邦股份,10
603317,天味食品,10
603318,水发燃气,10
603319,美湖股份,10
603320,迪贝电气,10
603321,梅轮电梯,10
603322,超讯科技,10
603323,苏农银行,10
603324,盛剑科技,10
603325,博隆技术,10
603326,我乐家居,10
603327,福蓉科技,10
603328,XD依顿电,10
603329,上海雅仕,10
603330,天洋新材,10
603331,百达精工,10
603332,苏州龙杰,10
603333,福华尚纬,10
603334,丰倍生物,10
603335,迪生力,10
603336,宏辉果蔬,10
603337,杰克科技,10
603338,XD浙江鼎,10
603339,四方科技,10
603341,龙旗科技,10
603344,星德胜,10
603345,安井食品,10
603348,文灿股份,10
603350,安乃达,10
603351,威尔药业,10
603352,至信股份,10
603353,和顺石油,10
603355,莱克电气,10
603356,华菱精工,10
603357,设计总院,10
603358,华达科技,10
603359,*ST东珠,10
603360,百傲化学,10
603363,傲农生物,10
603365,水星家纺,10
603366,日出东方,10
603367,辰欣药业,10
603368,柳药集团,10
603369,今世缘,10
603370,华新精科,10
603373,安邦护卫,10
603375,盛景微,10
603376,大明电子,10
603377,ST东时,10
603378,*ST亚士,10
603379,三美股份,10
603380,易德龙,10
603381,永臻股份,10
603382,海阳科技,10
603383,顶点软件,10
603385,惠达卫浴,10
603386,骏亚科技,10
603387,基蛋生物,10
603388,*ST元成,10
603389,*ST亚振,10
603390,通达电气,10
603391,力聚热能,10
603392,万泰生物,10
603393,新天然气,10
603395,红四方,10
603396,金辰股份,10
603398,*ST沐邦,10
603399,永杉锂业,10
603400,华之杰,10
603402,陕西旅游,10
603406,天富龙,10
603407,长裕集团,10
603408,建霖家居,10
603409,汇通控股,10
603416,信捷电气,10
603418,友升股份,10
603421,鼎信通讯,10
603429,*ST集友,10
603435,嘉德利,10
603439,三力制药,10
603444,吉比特,10
603456,九洲药业,10
603458,勘设股份,10
603459,红板科技,10
603466,风语筑,10
603477,巨星农牧,10
603486,科沃斯,10
603488,展鹏科技,10
603489,八方股份,10
603496,恒为科技,10
603499,翔港科技,10
603500,祥和实业,10
603501,豪威集团,10
603505,金石资源,10
603506,南都物业,10
603507,振江股份,10
603508,思维列控,10
603511,爱慕股份,10
603515,XD欧普照,10
603516,淳中科技,10
603517,ST绝味,10
603518,锦泓集团,10
603519,立霸股份,10
603520,司太立,10
603527,众源新材,10
603528,多伦科技,10
603529,爱玛科技,10
603530,神马电力,10
603533,掌阅科技,10
603535,嘉诚国际,10
603536,惠发食品,10
603538,美诺华,10
603551,奥普科技,10
603555,ST贵人,10
603556,海兴电力,10
603557,*ST起步,10
603558,健盛集团,10
603559,ST通脉,10
603565,中谷物流,10
603566,普莱柯,10
603567,珍宝岛,10
603568,伟明环保,10
603569,长久物流,10
603577,汇金通,10
603578,三星新材,10
603579,荣泰健康,10
603580,*ST艾艾,10
603583,捷昌驱动,10
603585,苏利股份,10
603586,金麒麟,10
603587,地素时尚,10
603588,高能环境,10
603589,口子窖,10
603590,康辰药业,10
603595,ST东尼,10
603596,伯特利,10
603598,引力传媒,10
603599,广信股份,10
603600,永艺股份,10
603601,再升科技,10
603602,纵横通信,10
603603,退市博天,10
603605,珀莱雅,10
603606,东方电缆,10
603607,京华激光,10
603608,天创时尚,10
603609,禾丰股份,10
603610,麒盛科技,10
603611,诺力股份,10
603612,索通发展,10
603613,国联股份,10
603615,茶花股份,10
603616,韩建河山,10
603617,君禾股份,10
603618,杭电股份,10
603619,中曼石油,10
603626,科森科技,10
603628,XD清源股,10
603629,利通电子,10
603630,拉芳家化,10
603633,徕木股份,10
603636,南威软件,10
603637,镇海股份,10
603638,艾迪精密,10
603639,海利尔,10
603648,畅联股份,10
603650,彤程新材,10
603655,朗博科技,10
603656,泰禾智能,10
603657,春光科技,10
603658,安图生物,10
603659,璞泰来,10
603660,苏州科达,10
603661,恒林股份,10
603662,柯力传感,10
603663,三祥新材,10
603665,康隆达,10
603666,亿嘉和,10
603667,五洲新春,10
603668,天马科技,10
603669,灵康药业,10
603676,卫信康,10
603677,奇精机械,10
603678,火炬电子,10
603679,华体科技,10
603680,今创集团,10
603681,永冠新材,10
603682,锦和商管,10
603683,晶华新材,10
603685,晨丰科技,10
603686,XD福龙马,10
603687,大胜达,10
603688,石英股份,10
603689,皖天然气,10
603690,至纯科技,10
603693,江苏新能,10
603696,安记食品,10
603697,有友食品,10
603698,航天工程,10
603699,纽威股份,10
603700,宁水集团,10
603701,德宏股份,10
603703,盛洋科技,10
603706,东方环宇,10
603707,健友股份,10
603708,家家悦,10
603709,中源家居,10
603711,香飘飘,10
603712,七一二,10
603713,密尔克卫,10
603716,塞力医疗,10
603717,天域生物,10
603718,*ST海利,10
603719,良品铺子,10
603721,中广天择,10
603722,阿科力,10
603725,天安新材,10
603726,朗迪集团,10
603727,博迈科,10
603728,鸣志电器,10
603729,ST龙韵,10
603730,岱美股份,10
603733,仙鹤股份,10
603737,三棵树,10
603738,泰晶科技,10
603739,蔚蓝生物,10
603755,日辰股份,10
603757,大元泵业,10
603758,秦安股份,10
603759,海天股份,10
603766,隆鑫通用,10
603767,中马传动,10
603768,常青股份,10
603773,沃格光电,10
603776,永安行,10
603777,来伊份,10
603778,国晟科技,10
603779,威龙股份,10
603786,科博达,10
603787,新日股份,10
603788,宁波高发,10
603789,ST星农,10
603790,雅运股份,10
603797,联泰环保,10
603798,XD康普顿,10
603799,华友钴业,10
603800,洪田股份,10
603801,志邦家居,10
603803,瑞斯康达,10
603806,福斯特,10
603808,歌力思,10
603809,豪能股份,10
603810,丰山集团,10
603811,DR诚意药,10
603813,原尚股份,10
603815,交建股份,10
603816,顾家家居,10
603817,海峡环保,10
603818,曲美家居,10
603819,神力股份,10
603822,ST嘉澳,10
603823,百合花,10
603825,ST华扬,10
603826,坤彩科技,10
603828,*ST利达,10
603829,洛凯股份,10
603833,欧派家居,10
603836,海程邦达,10
603838,*ST四通,10
603839,安正时尚,10
603843,*ST正平,10
603848,好太太,10
603855,华荣股份,10
603856,东宏股份,10
603858,步长制药,10
603859,能科科技,10
603860,中公高科,10
603861,白云电器,10
603863,松炀资源,10
603866,桃李面包,10
603867,新化股份,10
603868,飞科电器,10
603869,ST智知,10
603871,XD嘉友国,10
603876,鼎胜新材,10
603877,太平鸟,10
603878,武进不锈,10
603879,永悦科技,10
603880,南卫股份,10
603881,数据港,10
603882,金域医学,10
603883,老百姓,10
603885,吉祥航空,10
603886,元祖股份,10
603887,城地香江,10
603888,新华网,10
603889,新澳股份,10
603890,春秋电子,10
603893,瑞芯微,10
603895,天永智能,10
603896,寿仙谷,10
603897,长城科技,10
603898,好莱客,10
603899,晨光股份,10
603900,莱绅通灵,10
603901,永创智能,10
603903,中持股份,10
603906,龙蟠科技,10
603908,牧高笛,10
603909,建发合诚,10
603912,佳力图,10
603915,国茂股份,10
603916,苏博特,10
603917,合力科技,10
603918,金桥信息,10
603919,金徽酒,10
603920,世运电路,10
603922,ST金鸿顺,10
603926,铁流股份,10
603927,中科软,10
603928,兴业股份,10
603929,亚翔集成,10
603931,格林达,10
603933,睿能科技,10
603936,博敏电子,10
603937,丽岛新材,10
603938,三孚股份,10
603939,益丰药房,10
603948,建业股份,10
603949,雪龙集团,10
603950,长源东谷,10
603955,大千生态,10
603956,威派格,10
603958,哈森股份,10
603959,ST百利,10
603960,克来机电,10
603963,*ST大药,10
603966,法兰泰克,10
603967,中创物流,10
603968,醋化股份,10
603969,银龙股份,10
603970,中农立华,10
603976,正川股份,10
603977,国泰集团,10
603978,深圳新星,10
603979,金诚信,10
603980,吉华集团,10
603982,泉峰汽车,10
603983,丸美生物,10
603985,恒润股份,10
603986,兆易创新,10
603987,康德莱,10
603988,中电电机,10
603989,艾华集团,10
603990,麦迪科技,10
603991,领先股份,10
603992,松霖科技,10
603993,洛阳钼业,10
603995,甬金股份,10
603996,退市中新,10
603997,继峰股份,10
603998,方盛制药,10
603999,读者传媒,10
605001,威奥股份,10
605003,众望布艺,10
605005,合兴股份,10
605006,山东玻纤,10
605007,五洲特纸,10
605008,长鸿高科,10
605009,豪悦护理,10
605011,杭州热电,10
605016,百龙创园,10
605018,长华集团,10
605020,永和股份,10
605028,世茂能源,10
605033,美邦股份,10
605050,福然德,10
605055,迎丰股份,10
605056,咸亨国际,10
605058,澳弘电子,10
605060,联德股份,10
605066,天正电气,10
605068,明新旭腾,10
605069,正和生态,10
605077,华康股份,10
605080,浙江自然,10
605081,退市太和,10
605086,龙高股份,10
605088,冠盛股份,10
605089,味知香,10
605090,九丰能源,10
605098,行动教育,10
605099,共创草坪,10
605100,华丰股份,10
605108,同庆楼,10
605111,新洁能,10
605116,奥锐特,10
605117,德业股份,10
605118,力鼎光电,10
605122,四方新材,10
605123,派克新材,10
605128,上海沿浦,10
605133,嵘泰股份,10
605136,丽人丽妆,10
605138,盛泰集团,10
605151,西上海,10
605155,西大门,10
605158,华达新材,10
605162,新中港,10
605166,聚合顺,10
605167,利柏特,10
605168,三人行,10
605169,洪通燃气,10
605177,东亚药业,10
605178,时空科技,10
605179,一鸣食品,10
605180,华生科技,10
605183,确成股份,10
605186,健麾信息,10
605188,国光连锁,10
605189,富春染织,10
605196,华通线缆,10
605198,安德利,10
605199,ST葫芦娃,10
605208,永茂泰,10
605218,伟时电子,10
605222,起帆电缆,10
605228,神通科技,10
605255,天普股份,10
605258,协和电子,10
605259,绿田机械,10
605266,健之佳,10
605268,王力安防,10
605277,新亚电子,10
605286,同力天启,10
605287,德才股份,10
605288,凯迪股份,10
605289,罗曼股份,10
605296,神农集团,10
605298,必得科技,10
605299,舒华体育,10
605300,佳禾食品,10
605303,园林股份,10
605305,中际联合,10
605318,法狮龙,10
605319,无锡振华,10
605333,沪光股份,10
605336,*ST帅电,10
605337,李子园,10
605338,巴比食品,10
605339,南侨食品,10
605358,立昂微,10
605365,立达信,10
605366,宏柏新材,10
605368,蓝天燃气,10
605369,拱东医疗,10
605376,博迁新材,10
605377,华旺科技,10
605378,野马电池,10
605388,均瑶健康,10
605389,长龄液压,10
605398,新炬网络,10
605399,晨光新材,10
605488,福莱新材,10
605499,东鹏饮料,10
605500,森林包装,10
605507,国邦医药,10
605555,德昌股份,10
605566,福莱蒽特,10
605567,春雪食品,10
605577,龙版传媒,10
605580,恒盛能源,10
605588,冠石科技,10
605589,圣泉集团,10
605598,上海港湾,10
605599,菜百股份,10
688001,华兴源创,20
688002,睿创微纳,20
688003,天准科技,20
688004,博汇科技,20
688005,容百科技,20
688006,杭可科技,20
688007,光峰科技,20
688008,澜起科技,20
688009,中国通号,20
688010,福光股份,20
688011,新光光电,20
688012,中微公司,20
688013,XD天臣医,20
688015,交控科技,20
688016,心脉医疗,20
688017,绿的谐波,20
688018,乐鑫科技,20
688019,安集科技,20
688020,方邦股份,20
688021,奥福科技,20
688022,ST瀚川,20
688023,安恒信息,20
688025,杰普特,20
688026,洁特生物,20
688027,国盾量子,20
688028,沃尔德,20
688029,南微医学,20
688030,山石网科,20
688031,星环科技-U,20
688032,禾迈股份,20
688033,*ST天宜,20
688035,德邦科技,20
688036,传音控股,20
688037,芯源微,20
688038,中科通达,20
688039,当虹科技,20
688041,海光信息,20
688045,必易微,20
688046,药康生物,20
688047,龙芯中科,20
688048,长光华芯,20
688049,炬芯科技,20
688050,爱博医疗,20
688051,佳华科技,20
688052,纳芯微,20
688053,ST思科瑞,20
688055,龙腾光电,20
688056,莱伯泰科,20
688057,金达莱,20
688058,宝兰德,20
688059,华锐精密,20
688060,云涌科技,20
688061,灿瑞科技,20
688062,迈威生物-U,20
688063,派能科技,20
688065,凯赛生物,20
688066,*ST航图,20
688067,爱威科技,20
688068,热景生物,20
688069,德林海,20
688070,纵横股份,20
688071,华依科技,20
688072,拓荆科技,20
688073,毕得医药,20
688075,安旭生物,20
688076,ST诺泰,20
688077,大地熊,20
688078,龙软科技,20
688079,美迪凯,20
688080,映翰通,20
688081,兴图新科,20
688082,盛美上海,20
688083,中望软件,20
688084,晶品特装,20
688085,三友医疗,20
688086,退市紫晶,20
688087,XD英科再,20
688088,XD虹软科,20
688089,嘉必优,20
688090,瑞松科技,20
688091,上海谊众,20
688092,爱科科技,20
688093,世华科技,20
688095,福昕软件,20
688096,京源环保,20
688097,博众精工,20
688098,申联生物,20
688099,晶晨股份,20
688100,威胜信息,20
688101,三达膜,20
688102,斯瑞新材,20
688103,国力电子,20
688105,诺唯赞,20
688106,金宏气体,20
688107,安路科技,20
688108,赛诺医疗,20
688109,品茗科技,20
688110,东芯股份,20
688111,金山办公,20
688112,鼎阳科技,20
688113,联测科技,20
688114,华大智造,20
688115,思林杰,20
688116,天奈科技,20
688117,圣诺生物,20
688118,普元信息,20
688119,中钢洛耐,20
688120,华海清科,20
688121,卓然股份,20
688122,西部超导,20
688123,聚辰股份,20
688125,安达智能,20
688126,沪硅产业,20
688127,蓝特光学,20
688128,中国电研,20
688129,东来技术,20
688130,晶华微,20
688131,皓元医药,20
688132,邦彦技术,20
688133,泰坦科技,20
688135,利扬芯片,20
688136,科兴制药,20
688137,近岸蛋白,20
688138,清溢光电,20
688139,海尔生物,20
688141,杰华特,20
688143,长盈通,20
688146,中船特气,20
688147,微导纳米,20
688148,芳源股份,20
688150,莱特光电,20
688151,华强科技,20
688152,麒麟信安,20
688153,唯捷创芯,20
688155,先惠技术,20
688156,路德科技,20
688157,松井股份,20
688158,优刻得-W,20
688159,有方科技,20
688160,步科股份,20
688161,XD威高骨,20
688162,巨一科技,20
688163,赛伦生物,20
688165,埃夫特-U,20
688166,博瑞医药,20
688167,炬光科技,20
688168,安博通,20
688169,石头科技,20
688170,德龙激光,20
688171,纬德信息,20
688172,燕东微,20
688173,希荻微,20
688175,高凌信息,20
688176,亚虹医药-U,20
688177,百奥泰,20
688178,万德斯,20
688179,阿拉丁,20
688180,君实生物-U,20
688181,八亿时空,20
688182,灿勤科技,20
688183,生益电子,20
688184,ST帕瓦,20
688185,康希诺,20
688186,广大特材,20
688187,时代电气,20
688188,柏楚电子,20
688189,ST南新,20
688190,云路股份,20
688191,智洋创新,20
688192,迪哲医药-U,20
688193,仁度生物,20
688195,腾景科技,20
688196,卓越新能,20
688197,首药控股-U,20
688198,佰仁医疗,20
688199,XD久日新,20
688200,华峰测控,20
688201,ST信安,20
688202,美迪西,20
688203,海正生材,20
688205,德科立,20
688206,概伦电子,20
688207,格灵深瞳,20
688208,道通科技,20
688209,英集芯,20
688210,统联精密,20
688211,中科微至,20
688212,澳华内镜,20
688213,思特威-W,20
688215,瑞晟智能,20
688216,气派科技,20
688217,睿昂基因,20
688218,江苏北人,20
688219,会通股份,20
688220,翱捷科技-U,20
688221,前沿生物-U,20
688222,成都先导,20
688223,晶科能源,20
688225,亚信安全,20
688226,威腾电气,20
688227,品高股份,20
688228,开普云,20
688229,博睿数据,20
688230,芯导科技,20
688231,隆达股份,20
688232,新点软件,20
688233,神工股份,20
688234,天岳先进,20
688235,百济神州,20
688236,春立医疗,20
688237,超卓航科,20
688238,和元生物,20
688239,航宇科技,20
688244,永信至诚,20
688246,嘉和美康,20
688247,XD宣泰医,20
688248,南网科技,20
688249,晶合集成,20
688251,井松智能,20
688252,天德钰,20
688253,英诺特,20
688255,凯尔达,20
688256,寒武纪,20
688257,新锐股份,20
688258,卓易信息,20
688259,创耀科技,20
688260,昀冢科技,20
688261,东微半导,20
688262,国芯科技,20
688265,南模生物,20
688266,泽璟制药-U,20
688267,中触媒,20
688268,华特气体,20
688269,凯立新材,20
688270,ST臻镭,20
688271,联影医疗,20
688272,富吉瑞,20
688273,麦澜德,20
688275,万润新能,20
688276,百克生物,20
688277,天智航-U,20
688278,特宝生物,20
688279,峰岹科技,20
688280,精进电动-W,20
688281,华秦科技,20
688282,理工导航,20
688283,坤恒顺维,20
688285,高铁电气,20
688286,敏芯股份,20
688287,退市观典,20
688288,鸿泉技术,20
688289,圣湘生物,20
688290,景业智能,20
688291,金橙子,20
688292,浩瀚深度,20
688293,奥浦迈,20
688295,中复神鹰,20
688296,和达科技,20
688297,中无人机,20
688298,东方生物,20
688299,长阳科技,20
688300,联瑞新材,20
688301,奕瑞科技,20
688302,海创药业-U,20
688303,大全能源,20
688305,科德数控,20
688306,均普智能,20
688307,中润光学,20
688308,欧科亿,20
688309,恒誉环保,20
688310,迈得医疗,20
688311,盟升电子,20
688312,燕麦科技,20
688313,仕佳光子,20
688314,康拓医疗,20
688315,诺禾致源,20
688316,青云科技-U,20
688317,之江生物,20
688318,财富趋势,20
688319,欧林生物,20
688320,禾川科技,20
688321,微芯生物,20
688322,奥比中光-W,20
688323,瑞华泰,20
688325,赛微微电,20
688326,XD经纬恒-W,20
688327,云从科技-UW,20
688328,深科达,20
688329,艾隆科技,20
688330,宏力达,20
688331,荣昌生物,20
688332,中科蓝讯,20
688333,铂力特,20
688334,西高院,20
688335,复洁科技,20
688336,三生国健,20
688337,普源精电,20
688338,赛科希德,20
688339,亿华通-U,20
688343,云天励飞-U,20
688345,博力威,20
688347,华虹宏力,20
688348,昱能科技,20
688349,三一重能,20
688350,富淼科技,20
688351,微电生理,20
688352,颀中科技,20
688353,华盛锂电,20
688355,XD明志科,20
688356,键凯科技,20
688357,建龙微纳,20
688358,祥生医疗,20
688359,三孚新科,20
688360,德马科技,20
688361,中科飞测,20
688362,甬矽电子,20
688363,华熙生物,20
688365,光云科技,20
688366,昊海生科,20
688367,工大高科,20
688368,晶丰明源,20
688369,致远互联,20
688370,XD丛麟科,20
688371,菲沃泰,20
688372,伟测科技,20
688373,盟科药业-U,20
688375,XD国博电,20
688376,美埃科技,20
688377,迪威尔,20
688378,奥来德,20
688379,华光新材,20
688380,中微半导,20
688381,帝奥微,20
688382,益方生物-U,20
688383,新益昌,20
688385,复旦微电,20
688386,泛亚微透,20
688387,信科移动-U,20
688388,嘉元科技,20
688389,普门科技,20
688390,固德威,20
688391,钜泉科技,20
688392,骄成超声,20
688393,安必平,20
688395,正弦电气,20
688396,华润微,20
688398,赛特新材,20
688399,硕世生物,20
688400,凌云光,20
688401,路维光电,20
688403,汇成股份,20
688408,中信博,20
688409,富创精密,20
688410,山外山,20
688411,海博思创,20
688416,恒烁股份,20
688418,震有科技,20
688419,耐科装备,20
688420,美腾科技,20
688425,铁建重工,20
688426,康为世纪,20
688428,诺诚健华,20
688429,时创能源,20
688432,有研硅,20
688433,华曙高科,20
688435,英方软件,20
688439,振华风光,20
688443,智翔金泰-U,20
688448,磁谷科技,20
688449,联芸科技,20
688450,光格科技,20
688455,科捷智能,20
688456,有研粉材,20
688458,美芯晟,20
688459,哈铁科技,20
688466,金科环境,20
688468,科美诊断,20
688469,芯联集成-U,20
688472,阿特斯,20
688475,萤石网络,20
688478,晶升股份,20
688479,友车科技,20
688480,赛恩斯,20
688484,南芯科技,20
688485,九州一轨,20
688486,龙迅股份,20
688488,艾迪药业,20
688489,三未信安,20
688496,*ST清越,20
688498,源杰科技,20
688499,利元亨,20
688500,慧辰股份,20
688501,青达环保,20
688502,茂莱光学,20
688503,聚和材料,20
688505,复旦张江,20
688506,百利天恒,20
688507,索辰科技,20
688508,芯朋微,20
688509,正元地信,20
688510,航亚科技,20
688511,天微电子,20
688512,慧智微-U,20
688513,苑东生物,20
688515,裕太微-U,20
688516,奥特维,20
688517,金冠电气,20
688518,联赢激光,20
688519,南亚新材,20
688520,神州细胞,20
688521,芯原股份,20
688522,纳睿雷达,20
688523,航天环宇,20
688525,佰维存储,20
688526,科前生物,20
688528,秦川物联,20
688529,豪森智能,20
688530,欧莱新材,20
688531,日联科技,20
688533,上声电子,20
688535,华海诚科,20
688536,思瑞浦,20
688538,和辉光电-U,20
688539,高华科技,20
688543,国科军工,20
688545,兴福电子,20
688548,XD广钢气,20
688549,中巨芯-U,20
688550,瑞联新材,20
688551,科威尔,20
688552,航天南湖,20
688553,汇宇制药-W,20
688555,退市泽达,20
688556,高测股份,20
688557,兰剑智能,20
688558,国盛智科,20
688559,海目星,20
688560,明冠新材,20
688561,奇安信-U,20
688562,航天软件,20
688563,航材股份,20
688565,力源科技,20
688566,吉贝尔,20
688567,孚能科技,20
688568,中科星图,20
688569,铁科轨道,20
688570,天玛智控,20
688571,杭华股份,20
688573,信宇人,20
688575,亚辉龙,20
688576,西山科技,20
688577,浙海德曼,20
688578,艾力斯,20
688579,地纬智能,20
688580,伟思医疗,20
688581,安杰思,20
688582,芯动联科,20
688583,思看科技,20
688584,上海合晶,20
688585,上纬新材,20
688586,江航装备,20
688588,凌志软件,20
688589,力合微,20
688590,新致软件,20
688591,泰凌微,20
688592,司南导航,20
688593,新相微,20
688595,芯海科技,20
688596,正帆科技,20
688597,煜邦电力,20
688598,金博股份,20
688599,天合光能,20
688600,皖仪科技,20
688601,力芯微,20
688602,康鹏科技,20
688603,天承科技,20
688605,先锋精科,20
688606,奥泰生物,20
688607,康众医疗,20
688608,恒玄科技,20
688609,九联科技,20
688610,埃科光电,20
688611,杭州柯林,20
688612,威迈斯,20
688613,奥精医疗,20
688615,合合信息,20
688616,西力科技,20
688617,惠泰医疗,20
688618,三旺通信,20
688619,罗普特,20
688620,安凯微,20
688621,阳光诺和,20
688622,*ST禾信,20
688623,双元科技,20
688625,呈和科技,20
688626,翔宇医疗,20
688627,精智达,20
688628,优利德,20
688629,华丰科技,20
688630,芯碁微装,20
688631,莱斯信息,20
688633,星球石墨,20
688635,长进光子,20
688636,智明达,20
688638,誉辰智能,20
688639,华恒生物,20
688646,ST逸飞,20
688648,中邮科技,20
688651,盛邦安全,20
688652,京仪装备,20
688653,康希通信,20
688655,迅捷兴,20
688656,浩欧博,20
688657,浩辰软件,20
688658,悦康药业,20
688659,元琛科技,20
688660,电气风电,20
688661,和林微纳,20
688662,富信科技,20
688663,新风光,20
688665,四方光电,20
688667,菱电电控,20
688668,鼎通科技,20
688669,聚石化学,20
688670,金迪克,20
688671,碧兴物联,20
688676,金盘科技,20
688677,海泰新光,20
688678,福立旺,20
688679,通源环境,20
688680,海优新材,20
688681,科汇股份,20
688682,霍莱沃,20
688683,莱尔科技,20
688685,迈信林,20
688686,奥普特,20
688687,凯因科技,20
688689,XD银河微,20
688690,纳微科技,20
688691,灿芯股份,20
688692,达梦数据,20
688693,锴威特,20
688695,中创股份,20
688696,极米科技,20
688697,纽威数控,20
688698,伟创电气,20
688699,明微电子,20
688700,东威科技,20
688701,卓锦股份,20
688702,盛科通信-U,20
688707,振华新材,20
688708,佳驰科技,20
688709,成都华微,20
688710,益诺思,20
688711,宏微科技,20
688712,北芯生命,20
688716,中研股份,20
688717,艾罗能源,20
688718,唯赛勃,20
688719,爱科赛博,20
688720,艾森股份,20
688721,龙图光罩,20
688722,同益中,20
688726,拉普拉斯,20
688727,恒坤新材,20
688728,格科微,20
688729,XD屹唐股,20
688733,壹石通,20
688737,中自科技,20
688739,成大生物,20
688750,金天钛业,20
688755,汉邦科技,20
688757,胜科纳米,20
688758,赛分科技,20
688759,必贝特-U,20
688765,禾元生物-U,20
688766,普冉股份,20
688767,博拓生物,20
688768,容知日新,20
688772,珠海冠宇,20
688775,影石创新,20
688776,国光电气,20
688777,中控技术,20
688778,XD厦钨新,20
688779,五矿新能,20
688781,视涯科技-UW,20
688783,西安奕材-U,20
688785,恒运昌,20
688786,悦安新材,20
688787,海天瑞声,20
688788,科思科技,20
688789,宏华数科,20
688790,昂瑞微-UW,20
688793,倍轻松,20
688795,摩尔线程-U,20
688796,百奥赛图,20
688797,C臻宝,20
688798,艾为电子,20
688799,华纳药厂,20
688800,瑞可达,20
688802,沐曦股份-U,20
688805,健信超导,20
688807,优迅股份,20
688808,联讯仪器,20
688809,强一股份,20
688811,有研复材,20
688813,泰金新能,20
688816,易思维,20
688818,电科蓝天,20
688819,天能股份,20
688820,盛合晶微,20
688981,中芯国际,20
689009,九号公司-WD,20
